source,title,content
https://new.qq.com/cmsn/20181209/20181209007090.html,星美国际影院全国出现“闭店潮”：北京6家影院无一家营业,"北京青年报记者近日走访调查发现，北京地区的6家星美国际影院已从各大商圈悄然消失；购票平台上，星美国际影院已停止售票；星美影院服务电话无人接听。有业内人士表示，尽管目前全国票房都在增长，但增速远低于影院和银幕数量增长。“前瞻产业研究院”曾分析预计，中国院线数量在未来5年内将有所下降，预计2022年电影院线经营家数将会在25家左右，而票房收入将会更加集中于前10名内。,星美国际控股集团正在遭受史上最冷寒冬：旗下影院纷纷闭店,股票星美控股(00198)停牌超3个月,欠租欠薪纠纷事件多次被媒体报道。而恒生指数公司又宣布自下周一（12月10日）起，将星美控股从恒生综合指数中剔除，这无疑又是雪上加霜。北京青年报记者近日走访调查发现，北京地区的6家星美国际影院已从各大商圈悄然消失；购票平台上，星美国际影院已停止售票；星美影院服务电话无人接听。12月6日晚间，星美控股发布公告，该集团现时尚欠足够营运资金支持其业务营运，从年初至今该公司市值已亏损42.93%。,在网络上检索“星美国际影院”6个字，就会查出6个结果：北京世界城店、北京分钟寺店、西红门店、望京店、华腾新天地店、金源新燕莎Mall店。但是北青报记者按照影院提供的服务电话拨打咨询，发现所有电话均处于无人接听状态。在北京世界城地下一层海底捞对面，以前就是星美国际影院，凭借世界城、世贸天阶的优越商业地理位置，生意一直不错。但是现在影院入口已经被宝丽布完全遮挡起来。海底捞服务员说这里正在装修，“已经关门好久了，从9月份就开始装修”。据了解，该影院是从9月3日开始装修的，但从那天之后，这家星美国际便进入无限期的闭店模式。,世纪城附近的世贸天阶地下一层，售票员小何经常会接待一些持星美国际储值卡的观众，他们都是来咨询星美储值卡能否在这里继续使用的问题，因为他家的名字也带“星美”二字，叫“中影星美国际影城”。对此小何的回答一律是：“星美国际的储值卡在这里用不了，我们是（不同的）两家（影院）。”而在昌平北七家温都水城，也有一家中影星美国际影城，负责接听咨询电话的工作人员也表示：“星美国际的电影储值卡在我家用不了，我们不是一回事。”不过据调查，中影星美院线有限公司背后也有星美身影。公开信息显示，中影星美是中国电影集团与星美传媒共同投资成立的院线管理公司，其中星美控股占股40%，副董事长覃辉是星美集团实际控制人。今年9月9日，中国证监会对覃辉进行行政处罚处以60万元罚款，并罚其5年内禁入市场。,北青报记者调查发现，目前可查询到的北京6家星美国际影院，无一家正常营业。在星美官网，在线客服和电话客服均处于“掉线”状态。据了解，世界城店不是星美集团旗下唯一的闭店影院。根据星美控股公布的2018年半年报，截至6月30日，星美控股旗下共有365家影城。到了11月底就有用户发现，在星美票务APP上，各个城市的星美影院均已陷入大规模的停业状态。,11月22日，有网友在大众点评上发帖称，星美国际影院金源燕莎Mall门店已经闭店谢客。店外墙壁上还贴着《重要告知》和《关于非法占用场地的告知函》，两份文件的落款均为北京金源时代购物中心有限公司。,公告显示，因星美影院单方面违约，金源购物中心已于11月6日解除双方的《租赁合同》，并于11月23日上午8点起采取断电措施，以督促星美影院尽快返还租赁场地。公告中还称，“星美影院”如在经营过程中向消费者发行具有预付费功能储值卡的，该行为系“星美影院”与消费者之间的买卖行为，均由“星美影院”负责处理并承担全部责任，联系电话：10049。但是这个星美官方客服电话一直处于无人接听状态。,北青报记者查询中国裁判文书网发现，星美国际影城一直官司不断，原告方涉及河南郑州、广州中山、福建石狮、湖北多省市的物业公司、装修公司，纠纷内容主要是星美没有按时交纳房租、物业服务费、能源费用，拖欠装修公司的装修款等。今年7月份，由于拒不履行法院判决书，海淀法院对星美国际影院管理有限公司开出了数额为100万元的罚款决定书。据悉，此罚款系海淀法院出具的最高罚款。,12月3日，恒生指数公司官网发布公告，指由于星美控股的持续停牌，公司将于本周五（即2018年12月7日）收市后以系统最低价格0.0001港元将星美控股从恒生综合指数中剔除。据悉，自今年9月3日起停牌至今的星美控股，复牌一事迟迟不见有效进展。,恒指公司的公告内容显示，除了将星美从恒生综合指数中剔除外，公司也将把星美一并从恒生指数项下的恒生消费品制造及服务业指数、港股通指数、港股通中小型股指数、港股通小型股指数、港股通中国内地公司指数及港股通非AH股公司指数等系列指数中剔除，并将于下周一（12月10日）起生效。,今年9月20日，港交所向星美控股施加复牌条件，要求其证明有足够营运或资产水平以保证股份得以继续上市，证明公司具有效的董事会，负责集团管理及营运职务，以及有足够财务申报及其他程序及系统，以符合上市规则下的全部持续责任；知会市场所有重大资料以供公司股东及投资者评估其状况。直至当前，停牌已满3个月的星美控股尚无积极的复牌进展。,公开信息显示，星美控股集团有限公司是一家从事电影院运营的香港投资控股公司。该公司通过三大分部运营。电影院分部从事票房售票、宣传、活动及现场营销及提供相关服务和食品、饮料及电影产品销售。零售店分部通过“星美生活”零售店销售货品。其他分部从事影片制作及发行投资，以及有价证券买卖。,12月6日晚间，星美控股发布公告，该集团现时尚欠足够营运资金支持其业务营运。根据该集团于2018年11月30日未经审核管理层资讯：该集团对若干雇员工资尚未支付总额约为1.08亿港元，该集团若干租赁物业的租金尚未支付总额约为2.01亿港元，该集团影院对上映电影的供应商尚未支付相关版权费总额约为人民币1.5亿元。,公告中称，该集团于中国经营约320家影院，其中约140家已短暂停业，而约11家有可能将于不久后因集团不能支付租金而失去赎回权。由于该集团未能向电影供应商支付若干版权费，经该集团管理层积极与主要供应商磋商，已经达成付款共识及维持新片供应。于该公告日期，该集团已收到相关贷款人法律顾问发出的通知函，要求偿还合共约4亿港元。该集团已就向集团提供额外资金的可能性及可能的解决安排与贷款人进行积极磋商及讨论，包括将彼等的贷款或一部分转化为公司的股权。此外，该公司股份将继续停牌。,据业内人士分析，星美国际影院在全国出现“闭店潮”的主要原因，就是星美最近几年大规模扩张，导致资金链吃紧，入不敷出加上公司高层管理混乱造成的。,截至2018年6月份，公司拥有影城数目365家。而在3年前的2015年中期报告中，影城数目为130家。短短3年的时间里，星美影院扩张了235家，试图通过巨大的规模获得竞争优势。影院规模的极速扩张，带来的是公司运营成本的攀升，负债率也随之走高。根据星美控股2018年中期报告，星美控股的流动负债净额约为19.82亿港元，负债比率为32%，而3年前的负债比率为25.1%。而多年来的兼并收购扩张套路，使得星美控股的现金储备急剧收缩。2015年末公司账上尚有10亿元银行及现金结余，2016年末减少38%至6.25亿元，到了2017年末更是锐跌84.5%至不足1亿元，而截至今年6月底这一数据再次降至仅7000多万元的额度。,（赵新培/北京青年报）"
https://new.qq.com/omn/20181208/20181208A14EYQ.html,“过气”演员张卫健：他演的古装剧简单好看又扎实，但却无法复制,"这两天，香港TVB50周年台庆剧《大帅哥》播出了。瞟了两眼发现，咦？这不是张卫健吗？,
            ,还是标志性的光头和利索的嘴皮子，除了脸又圆了点儿（有点像徐峥了），他好像和20年前没太大差别。,剧里一上来就很有心地致敬了18年前的作品《小宝与康熙》，由张卫健之口又说出了当年韦小宝的经典台词,……,啊，时间都去哪儿了？,TVB剧的画风还是熟悉的简陋、流畅、无厘头，张卫健演起这种有喜剧色彩的年代戏还是很得心应手，尤其粤语原声的口条还是很顺。,如果不提醒，可能很多人都忘了，原来他都,了。,此处应有BGM起,不得不提醒大家残酷的事实：1965年出生的张卫健虽然长了张娃娃脸有天然优势，但确实已经到了大爷的年纪。,而且和2000年左右在内地爆红的情况相比，张卫健已经淡出内地观众视线许久。上一次比较长时间地有曝光，可能还是参加北京卫视的演讲节目。,
            ,曝光率低，导致现在大家提名不老男神的时候总是不带他玩儿。,不过对于内地观众来说，印象中张卫健大部分时间都没有头发，也一定程度上蒙蔽了大家对他长相的认知。其实人家年轻有头发的时候颜值相当惊人。,
            ,稍一回想就发现，张卫健的角色给人留下的印象很好概括：,……一想到十几年前的经典古装喜剧，就肯定会想到他。,张卫健早年家境困难、曾被张国荣提携等等事迹，以及他20几岁在TVB的作品，对于内地观众来说并不是很熟悉。,第一次让他在内地有了知名度的，是96年TVB版的《西游记》。,
            ,人们对他演喜剧路数的认知差不多时从这时开始的：,，在古装剧里也能动不动就唱歌，肢体搞笑也很自然，和港式无厘头结合得相得益彰。,当然，有的人长大再回过头去看，还能在满脸不羁的黄毛之下get到一丝帅。,当年这版《西游记》在TVB收视丰收，准备筹拍第二季时，张卫健和TVB却因片酬问题谈崩。张卫健最终离开了TVB，去台湾发展。,但之后四五年间拍的电视剧，却成功让他霸占了内地90后童年的电视机。,他所擅长的,，对21世纪初的内地电视观众来说还很新鲜并有吸引力。,99年的《少年英雄方世玉》，张卫健塑造了一个成天跟苗翠花耍贫嘴、跟何美钿的CP又很甜的少年方世玉，“天不怕地不怕、就怕没架打”。,
            ,00年的《小宝与康熙》，张卫健挑战了十分经典的、多演一分就会变成油腻猥琐的韦小宝。,在那么多版本的鹿鼎记里，张卫健也把自己的个人风格立住了，还留下了一句十分洗脑自带节奏感的经典台词。,
            ,此时已经35岁的长辫子造型说不上有多帅，但女人缘极好的风流一面也演出了说服力。,01年的《机灵小不懂》，张卫健连辫子都没了，直接变成了光头。（再次提醒，此时36岁）,
            ,在张卫健所有的古装喜剧里，这倒是长大之后看会发现比较特别的一部。,小时候只觉得在书院当老师的不懂就是用来耍贱打嘴炮的，反复出现的那句经典台词“神神气气神神气气不懂老师，辩驳最流利”就是完美写照。,
            ,剧里的不懂老师成天脑筋急转弯，跟当朝皇帝聊天内容也能是：李大爷屋里有10支蜡烛，先被风吹灭了2支，后来又被吹灭了1支，李大爷把窗户关起来，还有几支蜡烛？,……？？？,
            ,
            ,天马行空的剧情，突出的是一个鬼机灵和聪明。不过搞笑之余，剧情正经起来说的话也很有道理。,像什么聂远演的皇位继承人不愿意走被铺设好的路，读书到底是不是为了功名利禄，男孩爱做女红是不是没有男孩样……不懂老师在这些情节中的台词搁今天，可能会被夸一句“三观正”了。,通过这部剧，张卫健式喜剧人物又立住了“通透豁达”的一面。,
            ,02年的《少年张三丰》，张卫健继续和李冰冰组了CP，演了完全颠覆张三丰印象的少年张君宝，却意外地有观众缘。,在张君宝身上，张卫健几乎把他擅长演的喜剧人物发挥到了极致：嘴巴厉害，擅长冷幽默，撩妹时又有种莫名的苏。,
            ,这剧还有很神奇的一点是，里面有名的配角多到一只手都数不完：除了李冰冰还有李小璐，王艳，胡静，当时还叫严宽的严屹宽，苏有朋，林心如，张铁林……豪华得难以想象。,
            ,不得不说那几年的张卫健实在高产。后两年他又接连拍了（难得有了正常发型）的《聚宝盆》——也是一部戏说剧，讲明代大富商沈万三的故事，至今印象最深的是里面讲一个空手下油锅的戏法是怎么糊弄人的。,
            ,04年又和谢霆锋一起拍了《小鱼儿与花无缺》，和一直在冷峻耍帅的谢霆锋一对比，张卫健的表现更有记忆点。,
            ,很大一部分原因是小鱼儿在剧里的感情戏更戳人吧。,张卫健版的小鱼儿堪称克妻扫把星，喜欢他的美女最后全死了。不过张卫健把两短感情的生离死别都演得让人印象深刻，一个是和单纯善良的小仙女——,
            ,
            ,一个是临死前才对她表明了心意的苏樱——（对不起截图还是有点像徐峥）,
            ,喜剧演员把苦情感情戏演到位是非常拉好感的，张卫健恰恰在这方面做得还不错。,《少年张三丰》也是那种好几个美女都喜欢他的套路，最后大结局时，张君宝和杀父仇人秦思容相爱却永远不可能在一起的悲剧，深深伤害了电视机前的儿童们——那时很多人还不知道张三丰其人孤独终老，人生第一次领略了电视剧BE的痛苦。,
            ,俗话不是说嘛，爱搞笑的人深情起来更动人。在喜剧中能演好各种层次的情绪，也是张卫健在爆红的那六七年里让人印象深刻的原因之一。,拍摄《小鱼儿与花无缺》期间，“张卫健和谢霆锋假戏真做殴打同剧组演员王伯昭”的事情被传得沸沸扬扬。,当时双方各执一词，最终法律上的结果是法院认为王拍戏时所受的伤的确由张谢导致，但不能判定是二人主观故意伤害，并驳回了王伯昭要求赔偿100万的诉讼请求。,孰是孰非，现在舆论想起这件事时依然各有各的看法。,张卫健因此受损的名声一时半会儿难以挽回，再加上后来重心偏向照顾家庭，就没再产出当年那么脍炙人口的作品，慢慢淡出内地观众的视野了。,在内地观众心理，张卫健演喜剧的个人风格十分浓重，但这也是把双刃剑——,他们当时没有多少渠道去了解张卫健其他不同类型的作品（比如《方谬神探》里演出的傻子和机智侦探之间的反差感），画风类似的作品和角色每年都出现一次，一遍遍地加深了人们对他的印象，以至于逐渐产生这样的想法：,张卫健演啥都是一个样。,
            ,这么多年来也一直有人说他模仿周星驰。善意一点的会夸他是“电视剧界的周星驰”，鄙夷的则直说他永远超越不了周星驰，看见他上窜下跳的就闹心，等等。,张卫健的演技见仁见智，不过客观事实确实是，在港式喜剧演员里，张卫健并不是无可挑剔的，更不是唯一的。,但他突出的个人风格在2000年左右，赶上了内地观众格外喜欢看戏说类古装剧的时候，就成了荧屏上最好的选择。,那会儿支配人们电视机的作品，是97年的《还珠格格》，00年的《春光灿烂猪八戒》，02年的《穿越时空的爱恋》……,都是对经典角色或历史情节进行了一定演绎，甚至有天马行空的成分在，但却改编得很讨巧的古装喜剧。戏说的体裁更是给了演员巨大的发挥空间——,张卫健的每一个经典角色，从方世玉到韦小宝到张三丰，都正好契合了当时观众的趣味。他贱萌搞笑的个人风格搭配上质量过关的剧本，讨喜是很正常的。,
            ,假如张卫健一直把这种剧演下去呢？现实是没有假如，在观众对这种表演方式和喜剧模式感到疲劳之前，他就已经淡出了内地观众的视线。,这倒是让人长大后念念不忘，怎么之后就很少有那种又好笑又好看的古装剧了？,张卫健式的喜剧人物，看起来容易，演好了难。,这种演员的气质要集,于一身，嘴炮打得利索，撩妹不招人烦，毒舌恰到好处，颜值还得过关。,由于电视剧比电影的战线拉得长，演员还得控制好自己的表演力度，不能让观众没看两集就被吵死。,本来现在能演喜剧的青年男演员就少，能把握好火候的就更不多。,从情景喜剧出身的陈赫之流，是,，而且受情景喜剧限制，表演时重夸张反应，就没那么自然。,演技精湛的成熟演员也未必就能演喜剧演得人舒服。,比如邓超，演艺生涯最大的黑点就是让观众想求求他可别执着于喜剧了。,
            ,帅而自知的男演员们也注定是走不好喜剧之路的，本身在肢体和口条上的落落大方就不见得过关，万一再对喜剧有什么误解……不崩的少，浮夸的多。,
            ,市场也已经变了风向——剧本扎实的古装剧没落了，受欢迎的男主人公是飘渺的仙侠、不食人间烟火的情种，曾经那种贱苏的人设只能在王大锤身上找一点影子。,更何况，当年那批张卫健式的古装剧，,。,看着像是批量生产、互相雷同，却也是无法复制的一种产出模式。,说来说去，那批观众长大后的怀念也很简单：感叹着童年icon和某种娱乐方式的退场，怀念的是从简单又扎实的作品里获得的快乐。,如果还想重温这种快乐也不难，去网上回顾那些老剧就是。,没时间的话就去听听张卫健的歌也行，一样保证快乐。男生去听《单身男子的哀愁》，女生去听《美丽的姑娘》，回来你们会谢（da）我的。,
            "
https://new.qq.com/omn/20181209/20181209A0SMCO.html,那些陪娃上幼儿园的家长，早就疯了：教育赛跑从学前教育就开始了,"
            ,图片来源：图虫创意,中国有在园幼儿4600万，一或两个幼儿背后，都是一对年轻人外加4个老人。,每个家长，都不希望自己的孩子输在起跑线上。教育赛跑，从学前教育就开始了。,一个娃的困境，是一家人的焦虑。对中国人而言，娃娃一旦呱呱坠地，紧绷的弦一刻也松不下来。,私立幼儿园,刘琳的女儿要上幼儿园了，但她家小区附近，没有公立幼儿园。,私立幼儿园一个月的费用，抵得上她半个月的税后工资，这让他们夫妻俩的生活，陷入捉襟见肘的境地。,他们是对年轻夫妻，老公的薪水，献给了房贷，靠着刘琳的薪水，过得清淡朴素。跟同龄人比，孩子生得早了，年轻夫妻的好日子没过几天，感觉就到头了。,刘琳不敢辞职回家带娃，那简直是雪上加霜。夫妻俩只好把家里的老人，从小县城接到大城市带娃，拥挤的屋子，一下子又多了3口人。,老人带了一阵子，跟夫妻俩产生了分歧：以前送儿子上公立幼儿园，现在送孙女上私立幼儿园。老人主张强硬，不如把孙女带回老家去。刘琳说，“饭桌上都不想再提这事儿，不然想掀桌子，还想离婚。”,公立幼儿园的入园机会非常难得，不过进去了，也不见得就称心如意。,章炜的儿子上的是公立幼儿园。今年开学没多久，就到了教师节，家长们都在忙着给老师准备点“意思”，章炜心里就觉得不大受用。,章炜盘算了一笔账，从小班到中班再到大班，每年教师节，加上中秋、春节等杂七杂八的节日，还得算上老师的生日，几十次的别扭就够他受的了，“一到节日，老师就等着你送礼呢。”,转学！章炜把儿子转到了小区马路对面的私立幼儿园。,虽然一个月的学费抵得上原来半年，不过因为花了高价，家长都会对老师提出各种要求，甚至是过分挑剔，章炜说，“这就相当于从乙方变成了甲方。”,李冉家里不缺钱，有勇气生两个娃，而且都直接送到了私立幼儿园。进幼儿园之前，先交了两万块钱。,好像是不愿意露富，李冉补充说，“不过我们的私立，不是那种土豪幼儿园，只是比公立幼儿园好一些。”,不过，自从听闻不少私立幼儿园给娃扎针喂药的新闻后，李冉开始动了去土豪幼儿园的心思，“花钱是能买到安全的，对吧？”,课外培训班,送娃上私立幼儿园的家长，很快就尝到了甜头。,李冉对幼儿园的课程感到挺满意，觉得这钱没有白花，“想孩子起点高，那就选私立的。”,幼儿园有自己的外教，小班进去就有中文分级阅读，数学主要是公文数学和蒙氏数学。到了大班，还会开奥数兴趣课。,公立幼儿园就是另一番状况。孙莉的儿子在公立幼儿园上学，平时以游戏教育为主，因为教育部不允许公立幼儿园提前教课。,一开始孙莉还觉得高兴，没过多久心里发虚，因为别人家的孩子语数外已经全面开挂，如果就这样玩三年，起跑线比别人家的孩子就晚三年。,孙莉只好给儿子在外面报培训班，在家里孙莉还要给儿子额外开小灶，反复地“鸡”。在妈妈们的生活里，“鸡”是常态。所谓“鸡”，就是打鸡血的意思。,不过，上公立幼儿园的家长在报培训班，上私立的也在报，那就只好拼谁报的班多。只要上了培训班，家长们就像走上了彭罗斯阶梯，再也走不到尽头。,一位校外培训机构的老师，如今也成了孩子他妈，她非常不建议去上培训班，“课外培训会给孩子讲很多小学的知识，这是完全没有必要的。”,她认为这种教育还是以分数为目标导向的学习。对于小孩子，应该是素质上的教育，或者说是习惯的培养，如果习惯培养好了素质教育好了，再学那些知识都完全没有问题。,然而，校外培训班已经形成了剧场效应。,虽然教育部长提醒幼儿园的基本教育模式是游戏模式而不是教学模式，虽然最新通报全国各地已整改有问题的校外培训机构突破75%，妈妈们依然难以心甘情愿地坐下来，更不提坐得住。,第一个吃螃蟹的是英雄，但妈妈们不愿意别人家的娃比自己家的优秀，“你不报班，别的家长也会报，第一个坐下来的妈妈，凭什么是我？”,
            ,图片来源：图虫创意,去哪里上小学,带着这么点大的娃，周末不去公园，却在跑各种校外培训班，家长们也很无奈，还不都是为了能上一所更好的小学？,夏金灿为了儿子能上一所知名的民办小学，在外报了冲刺班，冲刺班有针对性的培训，最终儿子的面试顺利通过。,“公办小学，必须要有学区房，才可以进相应的学校”，夏金灿说，“私立小学不需要学区，要钱，要关系，也要孩子很优秀。我们上的这个学校，20万起步，才能进，还要看关系，私立小学前几年就开始要关系了。”,一些名声大的民办小学更难进，然而不管多贵，都有家长趋之若鹜。夏金灿说，“也是保证教学质量的，不然家长们花那么多钱，又不是傻。”,还有一些家长，已经在考虑脱离体制内，早早规划国际学校，走低龄留学这条路了。,一家知名教育机构的低龄留美教学主管分析说，“如果在北京这样的一线城市学习，压力会很大，有学区房的压力，有课外班的压力。现在的家长普遍规划得很早，低龄留学很有市场。”,不少像韩雪这样的家长，上大学时都曾在欧美等国留过学，熟悉国外的教育模式，也有财力。等到自己的娃上学时，他们就早早规划孩子高中、初中甚至小学，就去国外留学了。,韩雪准备让女儿上国际小学，她咨询过留学机构的负责人，负责人告诉她说，国际学校年级越小，相对来说会更容易入学一点。,一般的国际学校，小学入学难度小于初中，初中的入学难度小于高中，大部分到高中这个阶段，再想转学进入比较好的国际学校，就比较困难了。韩雪说，“越早规划，越早抢先别人一步。”,留学首先要过语言关，韩雪追逐名师，早早地将托福、小托福提上了日程。,然而一刷名师的朋友圈，韩雪心里就是一阵暴击，一些才上初中的孩子，托福IBT动不动就考104、105、106……"
https://new.qq.com/omn/20181209/20181209A06WER.html,亲子鉴定师自述：我是三千段婚姻的破坏者，我的工作就是个照妖镜,"
            ,戴维是湖南长沙的一个DNA亲子鉴定师，,外号“婚姻破坏者”。,工作11年来，共接触近2万个委托，,检测结果让3000多个家庭走向崩溃的边缘。,戴维的办公室堪称“人性实验室”，,工作的最初几年，他的三观被不断炸毁和重塑……,有恶婆婆卖掉孙女，骗儿媳说孩子死了的；,有一女共侍七夫，搞不清谁是孩子爸爸的；,甚至有带着一簇狗毛来做亲子鉴定的……,2016年，戴维开始将自己的经历记录下来，,如今已有200万字，写成了三本书。,“可能有人会觉得我的工作充满了八卦和负能量，,但，被欺骗的人有权知道真相，,我的工作就是一个照妖镜。”,
            ,“婚姻破坏者”,我叫戴维，朋友们都戏称我为“婚姻破坏者”。因为我的工作非常特殊——DNA亲子鉴定师。11年的时间里，我一共经手了将近2万个委托，其中“非亲生”的概率在26%到28%之间。,我的母亲本就是一个DNA亲子鉴定师，但因为这一行的故事不适合孩子听，所以从小她都没有和我说过任何工作上的事情。而我对这份需要穿着白大褂的工作，没有半点兴趣，我的兴趣一直在写小说上。,高中的时候，我父亲当着我的面，把我已经写了10万字的武侠小说手稿撕成了碎片，从此我就自暴自弃了，索性放弃了梦想。听着父母的安排，念了法医专业，进入了DNA亲子鉴定中心。,
            ,从此，任何小说、电视剧的情节都吸引不了我。和我的生活比起来，再狗血的剧情都显得很平淡。每次和朋友聚会，都会发展成“戴维讲故事之夜”。但每次讲完故事，都会被扔臭鸡蛋：“你这又是编的吧！”,有恶婆婆卖掉孙女，骗儿媳说孩子死了的；有一女共侍七夫，搞不清谁是孩子爸爸的；有和不同肤色、教育程度的男性交往，只为收集各种肤色的孩子的；有怀疑自己老婆和女闺蜜出轨，结果女闺蜜是双性人的；有孩子被拐后，加入打拐团队，阴差阳错救了自己孩子的；有走散了60年，80岁才重新团圆的两姐妹……,前几年，我的三观每天都在炸毁和重塑，现在，我都见怪不怪了。,
            ,“有人提着刀来取鉴定结果”,客户过来拿材料的时候，就是我们面对各项突发状况的时候。为了更好地安抚他们，我考了一个心理咨询证书。这一行需要很强的心理素质和沟通能力。,我们经常遇到很多随身带着刀的。如果检查出来孩子不是他亲生的，他就要自杀。,其他鉴定中心遇到过，当事人情绪激动，直接把接待他的一个小姑娘捅伤了。,所以我们现在全部都安装了安检门。进门前，必须把刀具交出来。,
            ,“被骗的人，有权知道真相”,很多人会觉得我们这个行业很八卦，甚至缺德。,那是一个将近50岁的男人，当他得知他养育了20多年的儿子不是他亲生的时候。他在我们面前像疯了一样，使劲抓自己的头发，几乎拔下了一半，头皮都流血了。,我真的从来没有见过这么狠的人，我们3个人冲上去拦他，才把他拦下来。那番场景直接让我哭了出来。,带他来的朋友告诉我们，他在外面打工这么多年，90%的钱全部寄回家给他老婆。自己省吃俭用，连穿的鞋都是破的，甚至做亲子鉴定的钱都是朋友出的。就这样，他老婆还出轨了。,这件事情给我的触动非常大。我觉得如果不给他做亲子鉴定，他会不会过得好一点？也不至于犯罪了。,但是后来我们领导跟我讲了一句话，我一直记到现在：,既然他要来做鉴定，就说明他已经陷入怀疑的境地中了，而且是很重度的怀疑。如果我们不鉴定，他会一直煎熬下去。,如果他早一些知道，就有早一些重来的机会。也是这样的信念，让我能一直做下来。,
            ,侦查老兵钱大爷,找上门的委托人里，10个里面有8个是男性。在我接触过诸多的绿帽子事件中，钱大爷的故事让我印象深刻。,钱大爷大概50岁，他娶了一个30多岁的女子做老婆，对方还带来了一个十几岁的跟前夫生的儿子。婚后，她又给钱大爷生了个孩子。,几年过去了，钱大爷怎么看怎么觉得这孩子不是自己的，就找到了我们。鉴定下来，果然不是他亲生的。“你说说可能是谁？”钱大爷和以往的一些委托人一样，想让我们帮他搞清楚这个问题。,我们能做的，就是根据钱大爷的描述，比如妻子的性格、社交范围、过去的经历，来为他找出一些“嫌疑人”，再通过DNA鉴定来核实。,钱大爷的下一个举动，至今都深深印在我的脑海里——,比方说，某年某月某日几点，某人找我妻子搓麻将，两人同时消失的时间是什么时候，持续时间多久……,后来才知道，钱大爷年轻时候当过侦察兵。,
            ,钱大爷锁定了4~5个嫌疑人后，回家开始收集这些人的检材。普通检材的话就是血液、毛发、口腔黏膜，这些提取DNA比较容易，收费也便宜。特殊检材，如口香糖、指甲、精液、口杯、牙刷，杯子都是可以做的。,DNA鉴定结果显示，这些人和钱大爷的孩子都没有血缘关系。钱大爷不死心，又弄来4~5个，但依然不是。3个月的时间，几乎把妻子身边的男人都查了个遍。,对于钱大爷而言，剩下的人里只有一个人能怀疑了——妻子和前夫生的儿子。DNA报告证实了这一猜想——这是一个乱伦事件。,但故事还没完……他的妻子和儿子之间其实根本没有血缘关系，他们两个是私奔的情侣，在遇到钱大爷之后，妻子谎称情人为自己的儿子，一起靠钱大爷来养。,最终钱大爷跟妻子离了婚，我们也给他所有的鉴定打了8折……,
            ,不怒反笑的奇怪男子,当得知孩子不是自己亲生的时候，一般男性都会发狂，即使不哭不撞墙，至少是满脸痛苦。,但我们遇到过一个委托人，他非但不难过，还很高兴，就像在路上捡到1万块钱一样，兴高采烈地就走了。,我们就觉得很奇怪，我说这个人肯定有问题，但我们也不可能去问。,过了一段时间之后，有一个女的找上来，跟我们大吵大闹的，要我们赔偿她的精神损失，说要把我们告到法院去。,你猜怎么着？其实那个做鉴定的男的不是她的丈夫，而是她的同事。他取了女子小孩和丈夫的材料来做鉴定，证明了这个小孩不是她丈夫的。,因为这个事情，我们中心进行了反思，推出了,的规定，以防此类事件再次发生。,但隐私DNA鉴定，本来就非常隐私，一般人都不愿意留下个人信息。所以越来越多人选择去别家做鉴定，导致生意一落千丈，这也是一件两难的事情。,
            ,河中女尸,DNA鉴定中心，不仅有隐私鉴定，还有司法鉴定。上文所说的鉴定都属于前者，客户不需要提供任何证件，我们只对检材负责，得出的报告不具法律效应。后者，需要提供身份证，有一系列严格的规章制度，报告可作为呈堂证供。,进入中心2年后，我被委派了第一个司法鉴定案子。警方带着我们去停尸间取样。,一路上，我都觉得没什么好怕的。,但是我一走进停尸间，就感觉有点异样，因为气味太难闻了，就是尸臭。带我的杨姐对我讲：“你在这里能坚持一分钟，就算通过。”,她是一具女尸，水里泡了一段时间，肿胀得完全不成人形，身上还有蛆不停地爬。肚子挺着，但根本不知道她是不是怀孕，因为她的肚子已经胀起来了。,我就像触电了一样，站在那里半天不动，整个人已经傻了，完全不知道自己是谁，自己在这里干什么，这是哪里，我都不知道。,那，为什么要委托我们做亲子鉴定呢？因为这个女孩未婚，智力发育不太正常，才十几岁却怀有身孕。,警方一共给我们送了有7~8份检材，来自于他们村子里的二流子、十几岁调皮的孩子、丧妻独居的男子，但发现都不是。,排查了很久，最后发现，原来孩子是女孩的三叔的。但是除了女孩儿三叔之外，二叔、二叔的两个儿子都跟这个女孩发生了关系，而且村里至少有一半以上的男人都跟这个女孩发生过关系。,后来全村调查，一个一个问，最后调查出来的。女孩是留守儿童。父母在外工作，就把女儿托付给二叔抚养。,三叔是一个好吃懒做的人，靠自己的大哥，也就是女孩儿的父母养着。后来女孩儿父母为了给儿子操办婚事，就停了给三叔的补给。三叔就萌生了这样的念头：,然后他就去收那些流浪汉、不怀好意的男人的钱，一次收10块、20块，甚至半瓶酒半包烟，就让他们跟侄女发生关系，自己也参与其中。,但所有人都有不在场证明，警方最后认为是女孩不小心滑到池塘里了。但是归根结底悲剧都是三叔造成。所以说,，真是太无耻了。,这个事情之所以对我冲击特别大，不仅仅是因为那个画面，更多的是整个案情，让我怀疑人性。,真的，做我们这一行，很难去相信“人之初，性本善”。,
            ,“我的孩子不认我”,除了“绿帽子系列”、破案之外，其他诸如：,之前遇到一个大姐，孩子在很小的时候失踪了，她非常自责，就加入了一个寻亲团队。团队发展到后来，也会去打击乞丐团伙。就是那种拐走小孩之后，把他们手脚打断去乞讨的团伙。,有一次在长沙，经线人举报，她留意起了一个父子乞丐团伙。团伙的主管是一个男的和身边的一个小乞丐，还带着几个断手断脚的小孩。大姐就赶紧拍照、报案。,等到警方把那些人抓回去之后，她才看清楚那个主管级别的小乞丐，居然跟她的另外一个小孩长得特别像。她就有预感，觉得这就是她自己的孩子。结果DNA一查，还真的就是她孩子。,大乞丐后来交代，这个小孩确实就是他抱走的。因为他看到其他有孩子的乞丐比他讨得钱多，所以生了歹意。就这样讨着讨着，讨出感情来，把他当做自己的儿子养。,他们一起全国各地跑，直到跑到长沙来，给他母亲发现。,我记得最清楚的就是，大姐在我们这边做亲子鉴定的时候，孩子很木然。,真的很凄惨，好不容易找到小孩，小孩不认可。真的，人生的悲欢离合太多了。,
            ,“你写的故事，就是我在经历的”,从2016年开始，我将自己经历过的故事写成文字，目前正要出版第三本书。,自从高中的手稿被撕毁后，没有想到自己会有重新写作的一天。,那时，我每天每天做噩梦，为了麻痹自己找点事做，我就开始把这几年的经历写成贴子发在网上。我是在寻求别人的鼓励“你写得真好”，也想要耗尽自己的心力，每天写到凌晨3点，就不会做噩梦了。,现在，经常有粉丝给我留言：,他们会加我微信，询问我的意见。在现实中，他们可能很难找到出口，而我的身份让他们心安。,我会安慰他们：有很多人和你一样在经历这些。也提醒他们不要重蹈覆辙：,甚至带着已经走出来的朋友来现身说法。,“我当时真是傻到骨子里了。”这是他们走出这段经历后，经常对我说的一句话。这让我觉得记录这些故事是有意义的吧。"
https://new.qq.com/cmsn/20181209/20181209008045.html,一线|郑爽张恒结婚证曝光？ 粉丝：P图水平差，看房是租工作室,"
            ,腾讯《一线》报道 作者：吴汉汉,郑爽在新恋情曝光后颇为低调，偶有和男友张恒一同逛街的消息曝出，感情十分稳定。12月9日，有网友晒出一张结婚证照片，还配文：“郑爽被与张恒领证结婚，有网友爆料郑爽和张恒今天在上海领证结婚了。”再结合之前网友爆料称郑爽与男友张恒买房的视频，称两人亲自到某楼盘选房，看起来好事将近？,
            ,对于传闻，郑爽粉丝群体直接帮自己的偶像辟谣：看房是为了新工作室选址，重新运管雪糕群APP（之前郑爽和粉丝沟通交流的社区APP），结婚证P图水平太低，字体都不对。,
            ,郑爽身边人对《一线》表示，对于爆料并不知情，也不清楚郑爽近况。而郑爽妈妈在接受某媒体采访时，直接否认：假的。,郑爽和张恒自今年七月被曝出恋情，起初双方一直未有公开承认。张恒身高在188，为之前郑爽参加的节目《这就是铁甲》节目中的赛事总监。在九月份，郑爽大方公开两人合照，还分享了和男友的生活，调侃他很“娘”：“在温泉酒店我目睹男票坐在马桶尿尿，他说要不站着会有尿歪的可能，就很脏啊……这样就很方便”。网友也评论：这样秀恩爱真的画风清奇。,
            ,该网友表示见到郑爽之后非常的紧张，想要签名又怕人家在忙，耽误人家正事。不过最后小爽还是十分配合地签了名，而男友张恒就站在一旁，一直看着郑爽。两人穿着都非常低调，身旁也没有一个助理跟着。"
https://new.qq.com/omn/20181209/20181209A06SMU.html,中国对加拿大采取行动了，释放了三个强烈信号！,"
            ,中方对加拿大采取行动了。,12月8日深夜，中国外交部网站刊登了一条新闻。不长，就两个段落：,2018年12月8日，,。,乐玉成指出，加方以应美方要求为由，将在加拿大温哥华转机的中国公民拘押，严重侵犯中国公民的合法、正当权益，于法不顾，于理不合，于情不容，性质极其恶劣。中方强烈敦促加方立即释放被拘押人员，切实保障当事人的合法、正当权益。,请注意，第一段的几个关键词：,可见其中的强烈不满情绪。,而且，外交部副部长出面，紧急召见加拿大驻华大使，,显然，加拿大方面拘押华为CFO孟晚舟事件，肯定不是一个简单的问题，已对中加关系构成了严重的挑战。,中美正处于关键时刻，连白宫官员都赶忙澄清，特朗普事先不知道逮捕计划，可见这一事件的敏感性，但加拿大却强出头下黑手。,美国指控华为违反对伊朗的制裁令，这是明显以国内法替代国际法，事实还存在巨大争议，孟晚舟也没违反加拿大法律，加拿大却为虎作伥，为美国霸道做法埋单。,第三，加方做法太不地道。不分青红皂白就抓人，而且，在未审判定罪的情况下，给孟晚舟戴上手铐、脚镣，直接作为重刑犯人对待，这是对中国人极大的羞辱和人格的不尊重。,从中国驻加拿大使馆第一时间的声明，到外交部发言人再三强调的放人，再到外交部副部长的紧急召见加拿大大使抗议，至少传递了三个强烈的信号。,信号一，这一事件性质恶劣，中方很不满。,用乐玉成副部长的话说，加方以应美方要求为由，将在加拿大温哥华转机的中国公民拘押，严重侵犯中国公民的合法、正当权益，于法不顾，于理不合，于情不容，性质极其恶劣。,一连串的批评：,严重侵犯，,于法不顾，,于理不合，,于情不容，,性质极其恶劣。,尤其是“,”，这样蕴含强烈情绪的表态，在近来的外交部表态中，也是比较罕见的。,
            ,信号二，立即放人，中方的强烈要求。,在对加拿大驻华大使的强烈抗议中，乐玉成说，中方强烈敦促加方立即释放被拘押人员，切实保障当事人的合法、正当权益。,意思也是很明确的,1，加方必须立即释放孟晚舟。,2，必须保障她的合法、正当权益。,但按照媒体披露的相关安排，12月7日加拿大开了第一次保释听证会；12月10日，将开第二次保释听证会。,美方则会在孟晚舟被捕后60天，提出正式引渡申请。加方接到引渡文件后30天，举行引渡听证会，并最终向加拿大司法部长建议是否引渡。,也就是，最后的决定权，仍在加拿大政府手里。,因此，接下来一段时间，围绕着是否放人，中加毫无疑问将展开一系列的斗争。,信号三，不放人，那后果很严重。,在孟晚舟被拘押后，中国驻加拿大大使馆第一时间发表声明，明确表示：,我们将密切关注事态发展，采取一切行动坚决维护中国公民合法权益。,这一次，乐玉成副部长说得更加明确：否则必将造成严重后果，加方要为此承担全部责任。,也就是说，如果加拿大方面一意孤行，必然会造成严重后果，中方已做好准备，加拿大方面要承担全部的责任。外交抗议只是初步的。,这本来就不是中国和加拿大的问题，是加拿大自己非要揽到自己身上。,新华社的评论就说：,按照加拿大领导人自己的说法，他是提前知晓有关行动的，但他并没有跟中方通气，而是放任这种恶劣事件发生，助长美国单边霸权行径，伤害了中国人民感情。,这确实太不地道了，哪像友好国家所为。,斗争还在继续，对加拿大来说，现在应该也有点骑虎难下，人是在它们手里，但感觉它们手里握着的，其实是一个烫手的山芋。,
            ,最后，几点粗浅看法吧：,1，加拿大的官方说法是：这是法律问题，与政治无关。倒是真希望如此，但美国以国内法替代国际法，进而要求逮捕第三国人士，这仅仅是法律问题？加拿大扮演的是什么角色？别天真了，如果只讲法律问题，当年证据确凿不过的赖昌星，也不会在加拿大赖那么久了。,2，美国的帐，会另算。但加拿大强出头，显然触怒了中国方面，不仅仅是官方，更多是民意的反弹。因为白求恩，中国人对加拿大感觉普遍还是不错的。国之交在于民相亲，民意基础破坏了，这是多少钱财换不来的，中加关系必然出现大幅度的倒退。,3，加拿大现在真是里外不是人。抓人肯定已经得罪了中国人，放人势必又得罪美国人。如果真引渡，加拿大也掂量掂量后果吧。后果会怎么样？肯定比想象的更严重！,人民日报评论说了一句狠话：中方不会惹事，但是也决不怕事，谁也不要小看中国的信心、意志和实力。,斗争形势很复杂，但中国不是吓大的，放人是必须的。,个人观点，不代表任何机构！"
https://new.qq.com/omn/20181209/20181209A0SJSO.html,石家庄奥迪冲撞行人致2死后续：肇事司机酒精呼气检测结果为0,"针对“奥迪冲撞行人致2死”事故，石家庄市交管局宣传人士12月9日向澎湃新闻（www.thepaper.cn）证实，交警现场对肇事奥迪司机进行呼气式酒精检测，结果为0，目前已将司机血样送检做酒驾、毒驾检测。,据@石家庄交警 通报，12月9日9时18分许，杨X忠（男，本市人）驾驶冀A09719号奥迪牌小客车，由南向北行驶至裕华区谈固东街与隆泰路口时与多车、多人相撞。该事故造成两人当场死亡，五人送医院检查，（其中一人左上臂骨折、一人头面部外伤，其余人员均无大碍），四辆机动车、三辆非机动车不同程度受损。,通报显示，事故伤者已分别送医检查、治疗。肇事驾驶人杨X忠已被警方控制，事故具体情况正在进一步调查、处理中。,事故视频显示，肇事奥迪车辆与皮卡车、出租车、面包车等多车相撞。,石家庄市交管局宣传人士介绍，两名死者均非肇事奥迪司乘。交警已在现场对肇事奥迪司机进行呼气式酒精检测，结果显示为0。警方已将司机血样送检做酒驾、毒驾检测。,上述人士还表示，肇事司机非公职人员，目前已有伤者出院。警方还在调取视频、走访取证等，以进一步调查事故具体原因。"
https://new.qq.com/omn/20181209/20181209A0M6KK.html,河北曲阳官方称2人烧散煤被拘系失误 此前还有人因引燃杂草被拘,"12月8日，河北曲阳环保局微信公众号发文通报，该县2人违规烧劣质散煤被行拘，32人被训诫。此消息一出旋即引发热议。,当晚，曲阳县人民政府办公室在官方网站发布“情况说明”：此消息内容有误，系工作人员失误所致。我县没有对燃用劣质散煤人员进行过拘留。文中所称“赵某某、赵计某2人不听劝导，二次违规燃用劣质散煤，给予其治安拘留处罚”，实为2人燃用劣质散煤后给予了批评教育。文中2张图片实为12月6日因非法排污接受询问的张某某、王某某照片。,“情况说明”称，该县正在对造成工作失误的人员进行调查处理。 尚不清楚这一“乌龙”如何造成和后续处置情况，澎湃新闻数次致电曲阳县县长和宣传部负责人，均未接通，发去短信也未回复。,但澎湃新闻（www.thepaper.cn）注意到，曲阳此前就有人因“引燃杂草，产生大量浓烟，污染大气环保”，被行政拘留5日。,上述发布在“曲阳环保”微信公众号上的消息称，自2018年11月26日开始，该县公安局环安大队配合国土局、综合执法局、恒州镇政府、赵城东村委会等部门共计查处违规燃用劣质散煤人员34人，其中32人为初次违规燃用劣质散煤，对其本人给予治安训诫处罚，家中散煤全部没收；其中赵某某、赵计某2人不听劝导，二次违规燃用劣质散煤，给予其治安拘留处罚。,这条本警示消息在舆论场上引发争议，有网友表示支持保护空气，但质疑执法的合理性，“哪条法律规定燃烧劣质煤应该被拘留”。另有网友则指出了更现实的问题，“困难户买不起优质煤怎么办？”,12月8日下午，这条消息已经从该公众号上被删除。,此前的11月1日，该微信公众号还发布了一则行政处罚决定书，该决定书显示：2018年10月31日09时许，曲阳县公安分局羊平派出所民警在工作中发现，某某某在西郭村北山坡上引燃杂草，产生大量浓烟，污染大气环保。,依据《中华人民共和国治安管理处罚法》第五十条第一款规定，决定对该人士拘留5日。这份决定书的落款为2018年10月31日，并加盖有曲阳县公安局的印章。这则消息目前仍在“曲阳环保”的微信公号上。,12月9日，羊平派出所一位民警告诉澎湃新闻，“好像有这回事”，对于处罚是否适当，他表示“既然拘留他肯定有依据。”,
            ,曲阳环保微信公众号于11月1日发布的行政处罚决定书截图,澎湃新闻注意到，这一系列拘留事件背后，或与冬季整治环境行动的大背景，以及曲阳近期严峻的空气质量有关。,据河北省环保厅官网消息，为源头治理大气污染，河北于今年8月至12月开展劣质散煤管控“百日会战”行动，全省散煤煤质抽检覆盖率将达到100％，对经第一次抽检并被依法认定经销不合格散煤的，依法进行顶格处罚；连续两次抽检被依法认定经销不合格散煤的，通报行业主管部门，依法停业整顿；对经过停业整顿后具备开业条件开始营业的网点，要在第一时间对销售的散煤进行抽检，连续三次抽检被依法认定经销不合格散煤的，依法吊销营业执照等。,11月24日至11月26日，曲阳县连续召开三次空气质量会商工作会议，会议决定第八项称，“对污染空气环境的人员进行拘留，电视台负责跟踪报道，对发现的负面典型公开曝光。”,12月7日上午，曲阳县县长石志新主持召开第九次空气质量改善会商会议。石志新强调，“继续加强洁净型煤推广和劣质散煤管控。从源头控制劣质散煤进入城区，从运输、销售、使用散煤等渠道严厉打击劣质散煤产生的环境污染问题；以县城为中心，向周边扩散，清理村民家中储存的散煤，做到‘严查、严管、严打’”。,此外，多地也曾出现过拘留运输贩卖散煤的案例。,2017年12月19日，据河南《汴梁晚报》报道， 12月18日，开封居民洪某某在签署“双替代”承诺书和领取相关补助后，仍然使用散装煤，在社区工作人员进行劝阻时对工作人员进行辱骂。12月11日，洪某某被梁苑派出所治安管理大队以“阻碍执行职务”行政拘留5日。,据山西新闻网消息，2017年冬天，山西临汾一男子因驾驶三轮车进行散煤运输销售被行政拘留。此前，山西忻州一名工人就因为在冬夜里私自烧炭取暖被拘留 5 日。,这一系列上述情况是否应该拘留人？北京盈科(上海)律师事务所杨卫华认为，这要看地方是否出台了相应的法规，并且这些法规必须不违反上位法，比如《中华人民共和国治安管理处罚法》和《环保法》等。如果上位法有授权拘留的规定，那么地方的规定中可以进一步细化，公民则有可能因违反地方性法规而被拘留。,杨卫华表示，《环保法》中虽然有对于环境违法行为人实施拘留的相关规定，但所针对的四类行为中，也不包括“燃烧散煤或杂草”，且被处罚的主体为“企业事业单位和其他生产经营者”。《中华人民共和国治安管理处罚法》中并没有对燃烧散煤或杂草进行拘留的规定。,前述因“引燃杂草”被拘留5日的案件中，曲阳县公安局所根据的条文是《中华人民共和国治安管理处罚法》第五十条第一款的规定，即“对拒不执行人民政府在紧急状态情况下依法发布的决定、命令的，处警告或者二百元以下罚款；情节严重的，处十日以下拘留，可以并处五百元以下罚款”。,杨卫华说，行政执法应该遵循合法性原则和合理性原则，但在特殊紧急状态下，也可以考虑行政应急性原则，即因国家安全、社会秩序或公共利益的需要，行政机关可以采取没有明确法律依据的或与通常状态下法律规定相抵触的措施。,但杨卫华认为，不管是燃烧散煤还是“引燃杂草”，并不能构成“紧急状态”。,杨卫华指出，对于环境问题而言，所谓的的“紧急情况”一般指的是发生了重大环境灾难，“一种普遍的，暂时性的空气污染，不能认定为紧急状态”，“可能风一来雾霾就走了”。,他说，当前环境执法过程中，不少被要求停产，或被拘留的案件，依据都是前述“紧急状态”，这实际上是扩大了对“紧急状态”条款的解释，“需警惕滥用‘紧急状态’”。"
https://new.qq.com/cmsn/20181209/20181209007510.html,海南一农民蒙冤17年获赔160万，4年后花光钱偷牛被抓,"
            ,12月5日上午，海口市公安局秀英分局东山派出所接到警情，东山镇新岭冲村有村民称自家耕牛被偷，几名嫌疑人正在装车欲逃跑。派出所民警第一时间对涉嫌盗窃耕牛的嫌疑人进行包抄，3名嫌疑人束手就擒。就在这时，现场民警接到指挥中心指令，称还有一名村民声称要投案。让人始料未及的是，投案人竟是黄家光。,因被卷入1994年的一场村民械斗命案，黄家光自1996年起成为犯罪嫌疑人；2000年，经过法院两轮审判，他被定为主犯之一，以“故意杀人罪”被判无期徒刑。此后，黄家光及其家人开始了漫长的申诉，直至2014年9月，海南高院再审宣判，黄家光被宣告无罪并当庭获释，省高院向其支付国家赔偿金160余万人民币。那一年，黄家光42岁。他以为，浓雾散去，人生从此走向清澈。但是，他没想到，46岁，他的人生却再一次迎来重大转折。,花50万建房子，他娶了媳妇当上总经理。,从入狱到回家，黄家光用了17年的时间。重获自由的黄家光，第一站便是家乡。那一年的东山镇新岭冲村，一串鞭炮声响起，满地的爆竹纸屑。黄家光的哥哥黄家达与几十位村民在村口翘首以盼，等待那迟还的归人。,17年可以改变一个人的人生，重获自由的黄家光认为，他的人生刚刚开始。为其奔波十余年的老父亲，最终在其昭雪的前一年遗憾离世。重获自由的黄家光，面对父亲乱草丛生的坟头，声称要为父亲建造一座墓碑。,在黄家光的人生道路上，因为有了蒙冤17载的经历，似乎他要努力追赶，要比别人更快一点追赶上已经过去的时光。,获得国家赔偿160万元，黄家光在短暂的迷茫后，于2015年5月份花费50万元，在村子里面盖起了两层楼房。,有了房子，有了钱，为黄家光张罗喜事的媒人也不请自来。2016年，黄家光收获了爱情，一位比他小十来岁的女子最终和他喜结连理。,10月24日结婚当天，黄家光在家里摆了二十桌酒席，请全村的人都过来喝酒，酒席一直摆到了“黄氏祠堂”门口。,似乎在2016年，黄家光的人生如同“开了挂”，人生几大喜事接踵而至——乔迁新居，迎娶新娘，在媒体人的帮助下，他在一农庄担任总经理，夫妻二人月入6000余元。至此，黄家光以为，浓雾散去，人生从此走向清澈。但是，他没想到，在命运的漩涡中，等待他的却是人生喧嚣的白色泡沫。,3名同伙因偷牛被抓，他主动投案自首。,12月5日上午，海口市公安局秀英分局东山派出所接到警情，东山镇新岭冲村有村民称自家耕牛被偷，几名嫌疑人正在装车欲逃跑。这起警情也给东山派出所开展的“路长制”工作提供了一次演练机会——由于屯警在路面，派出所民警第一时间对涉嫌盗窃耕牛的嫌疑人进行包抄，3名嫌疑人束手就擒。就在这时，现场民警接到指挥中心指令，称一名村民声称要投案。,海榆中线43公里处，黄家光最终等来了警车。,知道黄家光是投案人后，民警大为吃惊，因为在东山镇片区，黄家光可是一位名人。握有百余万赔偿金，怎么突然就成了偷牛贼？,派出所内，黄家光如实供述，这已经是他第三次作案，一次偷两头牛，三次共六头牛。 他负责将牛牵到约定地点，便联系好同伙用车将牛运走。问及如何盗窃，黄家光回答，“很简单，因为作案地点选择在村子内，平时白天闲逛踩点，等到后半夜就去牵牛。”碰到“不配合”的牛牵不走怎么办？黄家光颇有经验地说，“从屁股后面打它几下。”,再进派出所，黄家光对民警评价很高，认为民警办案很规范。之所以主动投案，黄家光称，“根本跑不了，哪里也跑不掉，只能投案”。,负责该起案件的民警称，黄家光非常配合，但凡是自己作案的事情都交代得清清楚楚。昨日上午，民警押着黄家光以及3名同伙前往案发现场进行指认，接下来将按法律程序办理。,160余万花光光，老婆走了工作没了竟偷盗。,和2016年黄家光的“开挂”人生相比，仅仅过了不到两年时间，他的生活似乎跌入谷底。,一位熟知黄家光的人士对他的评价是“好吃懒做”，“像他这样的，就算是一座金山也迟早会败光”。,黄家光曾经工作的农庄位于海南热带野生动植物园附近，同时距离东山派出所也只有几十米远。今年热带野生动植物园引进了两只大熊猫，来观看的市民不少。,农庄总经理的工作，黄家光称自己早在2017年6月份就不干了。而新婚没多久，或许因为生活理念上的差异，妻子就回了娘家，黄家光称两人联系不太多。至于感情生活，他不愿多谈。,这一次盗窃，黄家光坦言和经济拮据有关。说起他获赔的160余万元，他称早已花光。“盖房子就花了50万元，和老婆结婚彩礼等花费大约在20万元左右，投资十几万元种植柠檬，在农庄入股大约十几万元，另外有十几万元是朋友借走了，这些加起来将近有100万元。”其他的几十万，黄家光也不知道花到了哪里，现在就是因为没钱了才动了歪脑筋。,昨日，记者再次走进黄家光工作过的农庄看到，上百只鸡在林子里自在觅食。员工宿舍空空如也，公共厕所被流浪狗“占据”，成了狗舍，曾经热闹的餐厅，现如今已大门紧锁，再无“人间烟火”。,走出派出所，在黄家光要被押送指认现场时，记者问他下一步有何打算，黄家光不愿回答上了警车。从他走出审讯区到达警车的这段距离，派出所内办理户籍信息、身份信息的群众不少，不过没有几名群众对黄家光再有关注。其中一名群众办完业务匆忙跑向自己的摩托车，和黄家光所乘坐的警车一起，消失在路的尽头。"
https://new.qq.com/omn/20181209/20181209A0MFIB.html,熏鱼炉、保鲜帐篷、小绿车，是非洲农民对抗高温缺电路烂的黑科技,"作者：未来农业小分队,制图：孙绿 / 校稿：猫斯图 / 编辑：酸奶泡,非洲地处热带地区，很多地区的高热、缺水、土壤沙质都限制了他们的农业发展。即使是超级金坷垃，一撒到地里也很容易就因为温度太高而失效，稍微下一点雨肥料就全部流走了。可以说，非洲的贫瘠有它天然的原因。,
            ,但是非洲人民并没有气馁，在艰苦的环境下发明了一批配合非洲农业生产的“农业黑科技”，来填饱自己的肚子。,花式熏鱼，土法有新招,装备名：高效环保熏鱼炉,使用地点：非洲沿海地区,在非洲的沿海地区，鱼类的深加工产业是重要的传统产业之一。该产业包括加工、保存、和售卖鱼类产品，其中加工包括熏制、晒干、腌制、发酵等各种各样的处理方式。,
            ,在当地，烟熏是最广泛使用的海产加工方式，熏鱼活动也是当地妇女最公共的社区活动，同时售卖熏制鱼产品成了沿海地区妇女的重要经济来源。,熏鱼产品有不少优点：保质期更长、风味更多样、让每一次的捕获浪费更少、更利于打包、运输和上架。,
            ,使用传统的熏鱼方法，妇女要花费数小时将鱼摆放在网架上进行炭火熏烤。,不过传统熏鱼有以下缺点：,耗时长。制作熏鱼大概需要2天共12个小时。,不环保。不封闭的炉灶增加了柴火的使用量和出烟量。,使用不友好。烟雾和火焰直接伤害妇女的皮肤和眼睛。,成品质量低。熏鱼的PAH（环芳烃）含量高，有致癌风险。,
            ,为了改善这种熏鱼技术，国际组织与当地居民一起开发了一种叫做""第阿诺亚""鱼品加工技术（FTT-Thiaroye）。,
            ,这种技术有以下优点：,PAH污染水平很低，低于欧盟的出口限制。,烹饪室可以更好地保存热量，提高燃料使用率。,吸烟室过滤烟雾，提高使用者的友好度。,两种不同的烹饪和吸烟室，防止油在烹饪过程中滴落在燃料上，以及在烹饪阶段使用低PAH排放燃料，即木炭。,
            ,不黑不吹，虽然古法，但是实用,更厉害的是这个炉子也能加工副产品。例如，通过脂肪收集盘收集的脂肪来制造肥皂，也可以用作食用油。,
            ,使用这种炉子的熏鱼，生产成本降低，损失减少，熏鱼的质量和安全得到改善，收入大幅增加。而且如今这种源自非洲的技术已被包括东南亚地区在内的12个国家采纳了，值得推广到更多的发展中地区。,
            ,没电我也要和新鲜水果一起蹦迪,装备名：Wakati蔬果保鲜帐篷,地点：全非洲,众所周知，非洲缺电。网上常常有那种非洲百姓奇葩发电充电的图片，其实相比用手机需要电，非洲的食物储存更需要电。,
            ,蔬果的保鲜问题一向让人头痛，遭遇这一问题的也不止日常消费果蔬产品的我们，对于非洲菜农果农来说，这个问题更为严重。据联合国相关统计，45%蔬果在抵达市场前，便被损耗掉了。,
            ,于是，2015年，比利时一家机构推出了 Wakati 蔬果保鲜帐篷，号称无需使用额外能源，无需制冷，每周只需消耗一升的水和些许的阳光，便能极大延长果蔬的保质期。此外，每个帐篷可存储果蔬量达200公斤。,
            ,整一个 Wakati 保鲜帐篷如下，其成本为100美元（2015年数据），包括了四个配件：帐篷、太阳能板、加湿器以及臭氧制造器。,
            ,其工作原理如下：,一是它的加湿功能。,当湿度过低时，蔬菜水分蒸散加快，易发生萎蔫，并刺激呼吸作用加强，营养物质消耗增多。而在相对湿度为 90% 的环境中，蔬果的细胞能有效地保有活力。,二是它会产生臭氧，通过其氧化分解作用分解乙烯。,果蔬在贮藏过程中，自身会呼吸释放出乙烯气体，致使果疏成熟、老化以至于腐烂变质。而臭氧可以氧化分解乙烯，从而防止蔬果防止老化。此外，臭氧还能杀灭或抑制霉菌生，防止发生腐烂。,Wakati 的保鲜作用虽没法和一般商用冰箱媲美，但胜在廉价而庞大，效果也足以令人惊艳。在热带地区，它能将许多种蔬菜的保存时间从 2 天延长到 10 天。,
            ,将蔬菜在室温27度环境下放置5天,Wakati解决了非洲电力短缺和高温环境下食物储存的困难，对于缺乏冷藏设备甚至电力不通的非洲边远地区是实用的，同时它还环保、安全。虽然成本较高，限制了使用它的人群，并且使用过程中需要及时查看拿掉腐败的蔬菜水果也比较麻烦，但是它依然在非洲食物储藏黑科技里有一定的地位，降低了粮食的浪费率，让我们的非洲兄弟可以过得好一点。,
            ,车在，新鲜大菠萝就在,装备名：Fruiti-cycle 蔬果保鲜三轮车,使用地点：乌干达,非洲的气候令食物腐败特别快，但是非洲的基础建设条件也让绝大部分的食物在还没从地里运到到家里储存就坏了。为了应对困局，非洲农业黑科技里还有一个神器，就是发电自带冷库的小三轮，乌干达人民的好帮手。,
            ,乌干达 70% 的蔬菜及水果都是通过自行车或者摩托车运送的。可以想象，载着一大车菜，路上随时有泥泞及尘土，大量溅撒在食物上，不仅影响品相，也会影响食品卫生。,在不发达的乡间，颠簸的路程更是常态，一不小心大量的食物可能就沿路散落在地面。有些食物对保存的条件要求高，一路上日晒雨淋，等到达市场已经腐坏无法食用.....,
            ,一个来自Thought for Food的项目让全世界的朋友们都去帮忙解决这个问题，然后就有了它：,
            ,这个叫做 Fruity Cycle 的小车其实一点也不复杂，简单来说就是脚踏车发电机+大冰箱+三轮车。,绿色的车厢部分是一个通过太阳能发电获得能量的冷库，可以在最高50度的天气状态下保鲜食物。车体是一个通过人力发电的脚踏车，特别设计的系统使得车手可以仅仅通过脚踩就使得车子到达50km/h 的速度。,
            ,用这个车子，农户可以轻松地运载比以前多6倍、大约300公斤的食物，并到达100公里远的地方。而在以前，每次运输农户只能运载大概60公斤的食物到30公里以内的地方。,根据测算。通过购买 Fruity Cycle ，农户可以在第二年就得到15.6%的回报，经济实惠效果好，在非洲大受欢迎。,
            ,非洲的农业自四大古文明时期就开始发展，古埃及尼罗河谷地和北非马格里布地区的阿特拉斯山脉北麓河谷到沿海地区，农业自古以来就是很发达的。,
            ,但是纵观整个非洲，水资源还是分布既不均匀的，平均降水量极低，干旱区域的面积站全洲的40%，这是非洲农业最大限制因素。,
            ,时代的更替世界各个地方都开始发展演化，第一产业农业的产能在不断的提高，美国的大机械化农业、欧洲的大农场化农业、亚洲的小而美农业都有他们各自的特点。,非洲农业也有它的特点，今天介绍的的三个案例就是非洲农民对抗高温、缺电、路烂的“土法黑科技”，他们解决了非洲当地的困难，某些方面甚至比国内都要先进，可不容小看！,据说地球人民都关注分享我局了(⊙v⊙),地球知识局微信公号：地球知识局,END"
https://new.qq.com/cmsn/20181209/20181209008360.html,吐槽科比Diss奥运冠军 张卫平在吐槽大会还说了件体育界大事,"我们亲爱的张卫平张指导,终于站上了《吐槽大会》的舞台,在解说台上被球迷们,戏称为“张合理”的他,这次在台上对每个人的评价,堪称“合理”界的典范,体育迷心中的楷模！,
            ,
            ,他上来就讲到辰亦儒,作为非体育圈的人,张指导就直言他的存在不合理,既然不合理，咱也就不提了,
            ,接下来炮口就对准了潘晓婷,人家一打九球的大美人,好端端的坐在那儿,张指导也丝毫不留情面！,说当年当女篮主教练的时候,
            ,还好潘晓婷不打篮球,要不解说台上的他可就要难受了,
            ,说完潘晓婷也不放过李小鹏,2岁多就能自由落体,从二楼就敢往下跳,
            ,可这回说的有点不合理啊,只见张指导一聊上头,就扯上他当年扣篮,挂框做引体向上的时候,被人举报往篮框里吐口水的事,
            ,作为今天的主咖邹市明,遇到咱们张卫平可就难受了,拳王最擅长海盗式打法,在场上就是打游击,最后靠点数取胜,
            ,张指导直言还好这是节目现场,
            ,聊到卫平·布莱恩特这个话题的时候,张指导赶紧为自己洗一波,
            ,再说了，我们出访,可都是总统亲自接见,不像现在科比中国行,也就是几十万人在那边欢呼”,这档次，这待遇……凄凉！,
            ,diss完奥运冠军们和科比，还不算完,张指导在表扬中国篮球的时候,又“误伤”了国足,他说：,这踩一捧一的手段,放在网上可是要被diss的,
            ,话锋一转，张指导最后一段话,讲到了“正事”,他说：“我这辈子就做,跟篮球有关的工作,这些年篮球的发展也是越来越好,我也是非常的欣慰,我也希望咱们越来越多人关注体育,明年篮球世界杯就在咱们家门口举行,这是体育界的大事,
            ,将近70岁的张指导,这次跨界参加《吐槽大会》,
            ,张指导一辈子都在跟篮球打交道,球员时期代表国家队,
            ,第八届世锦赛上,
            ,入选最佳阵容获得最佳球员的提名,那一届世锦赛中国队仅拿到第11名,如今篮球世界杯在即,
            ,脱下球服到了解说台上,张指导的各种金句频频出现,一句“冠军啦冠军咯”,现在都能混着口音说出来,
            ,不仅是老一辈篮球人,以姚明为篮协主席的,新一代篮球人的目标也是如此,中国红蓝队的划分,今年亚运会篮球项目的大爆发,为了明年的篮球世界杯推出的各项举措,都有了好结果,
            ,明年的篮球世界杯到底有多热闹？,不仅是因为在中国举办,明年的篮球世界杯第一次扩张到32队参加,
            ,詹姆斯、杜兰特、哈登、库里等大腕,也都有望来到中国参赛,
            ,到时候就能在中国一睹球星风采,明星荟萃，这样的大场面搬到中国来,国内篮球人都想着让它火得更彻底,
            ,腾讯体育和官方也都在,想办法提升这项赛事的认识度,这个时候，像张指导这样,老一代篮球人站出来做宣传,身体力行地表示,“到时候我也会现场去解说,有一点大伙可以放心,我的解说还是会非常合理”,
            ,年近古稀依然在解说比赛,除了对中国篮球真正的热爱,我想不出还有什么其他原因,能支持他继续从事这份事业,
            "
https://new.qq.com/omn/20181208/20181208A13SRA.html,陈奕迅14岁女儿早恋：孩子怎么“管”，这是我听过最好的答案,"前一段时间，有香港媒体拍到陈奕迅14岁的女儿跟一位帅气男生互动亲密。,当媒体问徐濠萦怎么看时，她淡定回应∶,陈奕迅也表示自己,
            ,他们都认为，女儿这个年纪有喜欢的人很正常，不需要多管。,或许并不是所有父母都会赞同陈奕迅夫妇的观点，但作为父母，都想让孩子健康成长。可是，在,这件事上，有时挺困惑的。,不管，肯定不对。孩子未成年，管教孩子是父母的责任。,管多了，孩子又嫌烦，甚至会逆反。如果因为管教而破坏了亲子关系，麻烦更多。,我们不禁要问∶,01.做人的大方向，一定要管,尽管我们都很努力地为了孩子们的未来着想，想把孩子变成极具竞争力的通才。但是，我们谁也无法预料，20年后他们需要哪些技能。,，例如诚实，毅力，乐观，同情心。千百年来，人类的这些特质始终会令人受益。,儿童心理学家塞尔玛?弗雷伯格认为，,孩子在四五岁的时候，人格中有了内在控制的迹象，但是这种自控是不稳定的，模糊的。,所以，,那么，孩子的哪些事，我们该管呢？比如，,管好孩子的,∶,管好孩子的,∶,管好孩子的,∶,管好孩子的,∶,这些事看上去很小，但是,父母好好管教孩子的这些大方向，才是对孩子人生的负责。,02.管太多，不可取,那些管太多的父母，教育家称之为,。他们就像直升机在盘旋在孩子的上空，时时刻刻监视着孩子的一举一动。,孩子吃什么，穿什么，看什么，听什么，说什么……这些属于孩子生活自理的范围，他们也都要严密监控，进行干涉，唯恐孩子出了他们管束的边界。,其实，孩子在生活中受点挫，犯点小错，都是生命成长的一部分。可是，太多父母过于心急地站出来，,孩子也因此失去了自我成长的机会。,前一阵子，有个国产动画片《巨婴》特别火。片中的“孩子”早已成年，每天还需要母亲给他穿衣喂饭，活脱脱一个巨婴，完全没有自理的能力。,当父亲去世后，母子失去了经济来源，儿子要买新玩具，母亲只能变卖家具满足他。后来，母亲实在没办法，掏出肾脏让儿子换钱买VR眼镜。,儿子玩了一天还没吃饭，他像往常一样呵斥妈妈给自己做饭，但是却没有得到熟悉的回应。原来，妈妈已经失血过度死亡了。,孩子自己翻箱倒柜找吃的，可家中早已空空如也... ...,就像片中的母亲，她替孩子解决了所有问题，生怕儿子痛苦、生气和失望，,这样做，不但害了孩子，更害了自己。,03.管太多，孩子没有安全感,心理学家,认为，,每个阶段是人生的一个转折期，都会有一个特殊的,出现。,这些重要的生活任务，需要个体去加以解决。比如：,当个体遭遇成长危机，家庭教养环境直接关系着危机是否能够得到积极解决。,父母管太多，看似是爱孩子，实际上，孩子却会因此受伤。因为孩子觉得父母是最亲近的人，却不相信他，他会觉得自己的努力没有什么意义。,时间长了，孩子甚至会觉得父母根本不爱他。,所以，,04.“管”的艺术，在于距离,以色列有一则寓言，也许对大家有所启发。,冬天到了，刺猬妈妈想和小刺猬挤在一起取暖过冬。可是，真要实现这个想法，刺猬妈妈犯难了。远一点，小刺猬借不到着妈妈身体里的热气；凑近了，身上尖锐的刺会伤及对方的身体。,经过多次磨合，刺猬妈妈终于找到了恰如其分的距离，既给了小刺猬温暖，又不会伤害他。,父母和孩子，也要保持这种距离，适度管，孩子才有自我成长的空间。,其实，徐濠萦不是不管，只是和我们理解传统意义上的“管”不太一样。,徐濠萦也是管女儿的。比如，女儿“谈恋爱”，她是知情的。而且，她和那个男生见过面，这等于告诉孩子，我在关注你。,她认为女儿有喜欢的人很正常。因为14岁的女儿正处于青春期，自我和性意识在觉醒，她渴望与同伴交往，也试图建立与异性的关系，这都很正常。,媒体曝光之后，徐濠萦能站在女儿的角度，担心媒体的报道会影响到男生的家庭。她请舆论高抬贵手，多给小年轻一些自由。,徐濠萦表面上给人感觉像是不管孩子，实际上她还是始终在“管”的。这是一种,他们想着为孩子成长提供什么帮助，而不是单纯禁止他们做什么事。,
            ,犹太人育儿有个最基本的理念，就是,。,如果父母从小帮助孩子建立了正确的三观，培养他自我教育的能力，那么等孩子长大了，就不用你管了。,如果孩子做的事利人利己，是真善美的，父母就该支持鼓励，少干涉；,如果孩子做的事损人利己，是假恶丑的，父母就要坚决教育，多引导。,如果我们学会用对人性的充分理解，去重新审视我们对孩子的要求，孩子们会成长得更好更快乐。,最后和大家分享华德福教师的祈祷文。愿这首小诗，每天提醒我们："
https://new.qq.com/omn/20181209/20181209V0N4XH.html,游客挤爆赏断桥残雪 大妈第一次看雪太激动看3小时不吃饭,
https://new.qq.com/omn/20181208/20181208A1APFW.html,高圆圆39岁：没工作，没孩子，有皱纹，她与自己和解收获了幸福,"作者 | 小左,消失许久的高圆圆终于再次出现在大家面前。,她依旧是清爽漂亮的，在镜头前安安静静地笑。,这些年，她不在江湖，江湖却充满她的传说。著名的虎扑论坛，总会没事就拉她出来比美。,曾经看到过一个评价：身边的男孩子没有不喜欢高圆圆的。如果你问他们高圆圆演技如何，他们会对你说，长成这样还要什么演技。,高圆圆也知道，很少有人当她是个演员，人们更愿意把她贴满标签。,“我入行22年还是有很多东西做不到。”,的确，她不是大众眼中完美的女演员，完美的女人。比如鲜少有人评价她的演技，比如现在还没有生孩子对于很多人来说难以理解……诸如此类，但对于她来说，已经不想急于去证明什么。,
            ,有人会说，高圆圆怎么会是平平无奇的普通人？大多数普通人可没有长成这样的美貌。,即使你拥有高圆圆这样的脸和幸运，也有做不到的事情。比如阻止自己老去。,无论你是大美女，或是普通的路人甲，有一件事是平等的，那就是“老去”。,
            ,漂亮如高圆圆也会说，我知道自己在衰老。,她每天照镜子，会看到自己的变化。状态不如20几岁，今天长了第一根白头发，某一天眼角生出了第一条细纹。,
            ,年轻的时候，高圆圆特别不喜欢自己的法令纹。一旦状态不好，法令纹就会变深，看起来显老。哪个年轻女孩会喜欢显老的东西长在自己脸上呢？,但近几年高圆圆爱上了自己的法令纹。因为她的法令纹和她妈妈的一模一样。,“那条皱纹是我好不容易长出来的。”每一次老去，也可以是一种惊喜。,
            ,承认自己的经历与岁月，接受老去，是一个人成熟的开始。,
            ,年轻的时候，总是跟自己较劲，跟世界较劲，认为什么都要完美。,但是你总会有一天知道，很多事情，不是努力就可以做到的。,小时候的高圆圆，是得天独厚的。因为长得漂亮，小小年纪她就被挖掘成为模特。在拍摄了《清嘴》广告后，更是一跃成为令人难忘的女神。,王小帅的《十七岁的单车》，让她成为很多人心中的初恋。,
            ,虽然起点足够高，但是后来的经历也让她认识到自己并不是“天才”。,高圆圆在拍《搜索》时，遇上了对演员格外严格的大导演陈凯歌。她创下了NG40次的纪录。,开始的时候陈凯歌还会给她讲戏，告诉她哪里演得不对，后来导演也耐心耗尽，直接说“不行”。,那时候的高圆圆已经是“知名女演员”，但她还是做得不够好。,
            ,意气风发的少年时，总觉得自己是世界中心，也总觉得自己可以拥有不平凡的人生。,可是长大之后发现，比起跌宕起伏，更可贵的是平凡。,“人世间的一切不平凡，最后都要回归平凡，都要用平凡生活来衡量其价值。伟大、精彩、成功都不算什么，只有把平凡生活真正过好，人生才是圆满。”,因为母亲身体不好，高圆圆有段时间特别害怕，害怕母亲的离去。那时候她每天进出ICU，开始的时候因为性格问题，她跟人打交道都困难。,但渐渐地，她习惯了独自处理所有琐事，也接受了母亲的离去。三年前，她的母亲去世，这样改变了她对生活的态度。她决定慢下脚步，多陪陪家人。,
            ,她放过了自己。,不要求自己做到那些天才做到的事情，不奢求自己能永远年轻，也接受爱的人终会离开。尽其事，也听天命.,但你看，接受平庸的结果也不错。,三年时间没有拍戏，几乎消失在公众视野，她不是大家眼中活得最成功的一拨人。,“我曾经也想过，是不是应该在我认为最好的状态多留下些作品。但我更希望给自己一点时间，看到自己更多的可能性。”,
            ,她获得了一份平凡的爱情。,她和赵又廷一见面就很合拍，没有什么惊天动地，两个人在一起就是最舒服的姿态。,高圆圆讲的：“完全是我的菜！”赵又廷也讲：“不抓住的爱情会跑掉”,他们在每一个街道牵手，在寒冬的深夜里打闹压马路。,
            ,一起携手回老家，探望亲友。一起坐在沙发上看电视，会为看什么节目而争吵，然后重归于好。,
            ,这也是平庸中的一点惊喜与伟大吧。,39岁，她与自己和解，然后拥抱生活。,每天走走停停，和朋友旅行，和友人喝酒谈天。,
            ,我们都知道，这样的生活并不伟大。,我们急躁地想省略过程，收获伟大的结果。但却总被现实打脸，于是我们在生活里灰头土脸。,我们很少有机会真正地停下来享受生命本身。我们整个生命的过程更像一个连续的应急行动，我们必须随时消除那些威胁着我们生存的大小隐患。,停下来享受一餐，不急于去赶下一个工作；停下来去认识一个人，不急于下定论；甚至停下来看一部剧，不拖快进……,
            ,过程本身才是真正有趣的部分。就像史铁生说得，,若要简单，任何人生都是可以删简到只剩下吃喝屙撒睡的，任何小说也都可以删简到只剩下几行梗概，任何历史都可以删简到只留几个符号式的伟人，任何壮举和怯逃都可以删简成一份光荣加一份耻辱……,但是这不行，你不可能满足于像孩子那样只盼结局，你要看过程，从复杂的过程看生命艰巨的处境，以享隆重与壮美。,其实人间的事，更多的都是可以删简但不容删简的。不信去想吧。比如足球，若单为决个胜负，原是可以一上来就踢点球的，满场奔跑倒为了什么呢？,当你学会去接受所有结果，包括平凡的那部分，你才能享受过程本身。,生活又短又长，无论年纪，出身，现状，我们都要有最遥远的梦与最朴素的生活。,看更多走心文章"
https://new.qq.com/cmsn/20181209/20181209007890.html,2018收获文学排行榜颁奖 李洱《应物兄》获长篇小说第一,"2018收获文学排行榜于12月9日在安徽蚌埠中华古民居博览园揭晓并举行颁奖仪式。获得长篇小说、中篇小说、短篇小说以及长篇非虚构第一名的分别是李洱的《应物兄》、迟子建的《候鸟的勇敢》、班宇的《逍遥游》和张新颖的《沈从文的前半生》。贾平凹、王安忆、莫言、阎连科等著名作家均在获奖名单之列。,
            ,李洱以“十三年磨一剑”而成的长篇小说《应物兄》摘得长篇榜榜首。他在现场表示：“2005年春天，我写下这部小说第一句话的时候，没有意识到要写十三年。这十三年中，发生了很多变化。在这个漫长的写作过程中，我无数次想过放弃，有过很多艰难时刻。如果不是意识到有很多朋友对这部作品有期待，需要见到它的读者，我可能无法完成。现在，我把它带给大家，心中有欣慰也有感激。”,王安忆《考工记》、贾平凹《山本》分列二、三，刘亮程《捎话》和韩少功《修改过程》紧随其后。在上述文坛常青树之后，80后代表作家笛安描写金融街青年男女生活状态的《景恒街》名列第六，70后代表作家徐则臣的《北上》第七，接下来是另两位50后实力作家——范小青《灭籍记》第八，陈河《外苏河之战》第九，青年作家石一枫《借命而生》第十。,“《收获》的排行榜应该有权威，能够上榜是莫大的光荣，《考工记》今年才结稿成书发行，可见得榜单反应快速，及时体现文学动态。”王安忆闻讯后发来消息。,
            ,中篇小说榜由迟子建《候鸟的勇敢》领衔。“《候鸟的勇敢》能够入选2018年度收获文学排行榜，是评委们对我这一年度文学耕耘的一种肯定和勉励，或者说，是对这部中篇那对死于暴风雪的东方白鹳的一种同情和眷顾，我也因之知道，这世上从不乏慈悲之心，这世上还有那么多不背弃美的湿漉漉的眼睛，像灯一样在黑夜中闪烁！”迟子建在给《收获》发来的信中写道，“谢谢评委，谢谢读者，也谢谢生命中的阴霾和寒流，让我知道人性中的阳光和温暖的可贵。”80后另一位代表作家周嘉宁的《基本美》名列第二，来自海南的新面孔、青年作者林森以《海里岸上》取得第三。,
            ,短篇小说的第一名《逍遥游》的作者班宇生于1986年，是一位年轻而成熟的小说家。70后作家斯继东《禁指》名列第二，居于第三位的是老将莫言出手不凡的新作《等待摩西》。莫言为此发来幽默获奖感言：“据说有的黄瓜放到冰箱里还会生长，此事未亲眼目睹，不敢确认为真，但确有小说因过分贴近生活在写完之后又自行生长出了续篇。《等待摩西》就是这样的小说。感谢评委！”,
            ,非虚构榜单同样异彩纷呈。张新颖《沈从文的前半生》拔得头筹，阎连科《田湖的孩子》紧随其后，马丽华的“写作过程就犹如一场科考”的《青藏光芒》赢得敬重和推崇，位居第三。,专业人士分析称，这份岁末榜单提供了以下几种解读的视角：,1， 现实主义的题材，仍然是当代中国最优秀的一批写作者的深耕细作之地，并不断向文学市场传送社会的、历史的、科学的思想资源。,2，50后一代写作者不断迎来新的“喷涌”，文学生命力蓬勃青春。60后、70后、80后乃至90后作家实力不断增长，跃跃欲试。当代文学阵容与版图充满生机，变动不居。,3，多元的评委组合带来了新鲜的视野，不拘一格的选拔方式将文学因子从各个阅读平台中提取出来。例如，这次最终入选作品，有很多来自非传统期刊平台，名列非虚构榜单第六的“英国当代观察系列”来自青年杂志书《单读》，候选提名的《失落的天文台》来自人文社科杂志《读库》，而短篇小说《北方狩猎》来自豆瓣阅读。这张榜单，可视为一份跨越代际与经验的、对于文学的当前与未来的共见。,4. 非虚构写作不让虚构写作。它的来源因学者、作家、诗人和普通人的加入而更加勃兴而多姿多彩，值得更加关注。,据介绍， “收获文学排行榜” 首次亮相于2016年底，迄今已经成功举办三届，以其文学性、经典性和独立性引起瞩目。,当天上午，收获文学排行榜评委、历年上榜作家、评论家等，还举办了“行走的年代”收获论坛，围绕改革开放四十年的文学、文化转型和文学创作、收获文学排行榜评选工作等议题展开了讨论。,《2018收获文学排行榜作品选：中篇小说卷》与《2018收获文学排行榜作品选：短篇小说卷》将于2019年1月由长江文艺出版社隆重推出。,1. 《逍遥游》        班 宇   （《收获》2018年第4期）,2. 《禁指》          斯继东  （《十月》2018年第5期）,3. 《等待摩西》      莫 言   （《十月》2018年第1期）,4. 《道长》          阎连科  （《作家》2018年第3期）,5. 《杭州鲁迅二三事》房 伟   （《收获》2018年第3期）,6. 《球与枪》        鲁 敏   （《上海文学》2018年第10期）,7. 《特殊任务》      肖克凡  （《当代》2018年第5期）,8. 《红尘慈悲》      次仁罗布（《长江文艺》2018年第5期）,9. 《相遇》          薛 舒   （《人民文学》2018年第2期）,10.《换肾记》        任晓雯  （《当代》2018年第3期）,1.《候鸟的勇敢》            迟子建   （《收获》2018年第2期）,2.《基本美》                周嘉宁   （《收获》2018年第1期）,3.《海里岸上》              林 森    （《人民文学》2018年第9期）,4.《夹叉》                  艾 玛    （《收获》2018年第5期）,5.《小花旦的故事》          王占黑   （《山西文学》2018年第6期）,6.《甜蜜点》                须一瓜   （《当代》2018年第2期）,7.《房屋曾安静，世界曾安宁》皮 皮    （《收获》2018年第4期）,8.《老屋》                  尤凤伟   （《山花》2018年第1期）,9.《望湖楼》                尹学芸   （《收获》2018年第3期）,10.《龙门》                 胡学文   （《花城》2018年第3期）,1 《应物兄》     李 洱  《收获》 2018长篇专号秋卷、冬卷,2 《考工记》     王安忆 《花城》2018第5期,3 《山本》       贾平凹 《收获》 2018长篇专号春卷,4 《捎话》       刘亮程 《花城》2018年第4期,5 《修改过程》   韩少功 《花城》2018年第6期,6 《景恒街》     笛 安  《人民文学》2018年第11期,7 《北上》       徐则臣 《十月o长篇小说》2018年第5期,8 《灭籍记》     范小青 《作家》2018年第4期,9 《外苏河之战》 陈 河  《收获》2018年第1期,10《借命而生》   石一枫  人民文学出版社 2018年4月出版,1《沈从文的前半生》       张新颖  上海三联书店 2018年2月出版,2《田湖的孩子》           阎连科  上海文化出版社 2018年8月出版,3《青藏光芒》             马丽华  北京十月文艺出版社 西藏人民出版社,2018年3月出版,4《幌马车之歌续曲》       蓝博洲  生活o读书o新知三联书店,2018年3月出版,5“兴隆公社”系列         袁  敏 《收获》“兴隆公社”专栏2018全年,6“当代英国观察”系列     王  梆 《单读》2018全年,7《且在人间》             余秀华 《收获》2018年第2期,8《金乡》                 哲  贵 《十月》2018年第6期,9《时过子夜灯犹明》       李  鹿  生活o读书o新知三联书店,2018年8月出版,10“访问童年”系列        殷健灵 《上海文学》2018全年,长江文艺出版社2018年12月出版"
https://new.qq.com/omn/20181209/20181209A0WHHT.html,河北邯郸“母子坠亡女儿死于家中”续：母亲曾接受精神类疾病治疗,"12月7日，河北省邯郸市鸡泽县公安局发布警情通报称，12月6日，鸡泽县内28岁女子王某某和其4岁的儿子在鸡泽县龙城国际小区坠楼身亡，其1岁半的女儿被发现死于位于鸡泽县亭自头村家中。12月9日15时许，鸡泽县委宣传部有关负责人告诉澎湃新闻（www.thepaper.cn），根据警方掌握的情况，事发时，系儿子先坠楼，之后母亲坠下。警方已获证据表明，坠楼母亲生前曾在医院接受过精神类疾病治疗。,针对两个孩子的死因，上述负责人表示，根据警方通过目击者了解的情况，初步判断儿子系母亲推下。女儿死因以县警方技术手段无法最终确认，目前已请省、市两级专家介入进一步调查。,12月7日，鸡泽县公安局在其官方公众号“鸡泽公安”发布警情通报称，2018年12月6日下午16时26分，鸡泽县公安局110指挥中心接群众报警称，在龙城国际小区有一名妇女和一名儿童坠楼，疑似已经死亡。,通报称，接警后，县公安局指挥中心立即指派城区派出所、刑警队赶到现场处置。到达现场后，经县医院医生确认二人已死亡。,通报显示，经警方现场初步勘察和外围调查，死者为王某某（女，现年28岁，鸡泽县风正乡人）、王某（男，现年4岁，鸡泽县风正乡人）；当晚21时许，在警方调查过程中，死者家属报称死者家中（风正乡亭自头村）有一女孩（1岁半）死亡。经县公安局调查，三名死者系母子（女）关系。目前三人死亡原因正在进一步调查取证中。"
https://new.qq.com/omn/20181209/20181209A1070P.html,新京报评论：“紧急状态”有特定含义 不是拘留烧杂草者的理由,"
            ,12月8日，河北曲阳县高调通报，该县2人因违规烧劣质散煤被行拘。“烧煤也被拘”的事件引发舆论一片质疑声。当晚，曲阳县人民政府办公室宣布：内容有误，系工作人员失误所致，没有“拘留”，只是给予了批评教育。,这还没有完，记者发现之前曲阳县还宣布过：今年10月31日，某某某在西郭村北山坡上引燃杂草，产生大量浓烟，污染大气环保，被行政拘留5日。“烧杂草被拘留”的理由是《中华人民共和国治安管理处罚法》第五十条“拒不执行人民政府在紧急状态情况下依法发布的决定、命令的”。,用“紧急状态”的条款拘留烧杂草的，恐怕是比“烧煤也被拘”更大、更严重的乌龙。,法条中的“紧急状态”不是一个普通“形容词”，它是有特定含义的宪法术语，相当于“戒严”的意思，意味着国家或者部门地区进入极其危急的状态。2004年《宪法修正案》将原宪法中的“戒严”统一改为“紧急状态”，只有国家主席可根据全国人大及其常委会的决定，宣布进入“紧急状态”，国务院可以依法决定省、自治区、直辖市的范围内部分地区进入紧急状态。“紧急状态”是仅次于战争状态的国家危急状态，而且只能由全国人大和国务院决定进入紧急状态；从法律程序上说，县级政府根本没有权力宣布、决定进入紧急状态。,2007 年《突发事件应对法》也明确：当特别重大突发事件，对人民生命财产安全、国家安全等构成重大威胁，采取一般法律的应急处置措施不能有效控制，需要进入紧急状态的，由全国人大常委会或者国务院依照宪法和法律决定。,所以，“紧急状态”意味着社会处于崩溃边缘的险境当中，公民权利在这种特定情况之下需要受到必要限制，必须听从于政府的紧急决定、命令。所以《治安管理处罚法》为配套这种“戒严”情况才规定：拒不执行人民政府在“紧急状态”情况下依法发布的决定、命令的，可以予以拘留，这是在“戒严”状态下对不遵守政府决定的公民的特殊处理，是不能够用于和平状态之下的。治理雾霾，当然很重要、很“紧急”，但这说的和法律上的“紧急状态”不是一个概念，不能望文生义。,
            ,也就是说，曲阳县当地用拘人的理由——“紧急状态”，根本就是出于对法律、宪法的误读、错解。曲阳县根本没有权限宣布当地进入“紧急状态”，这是专属全国人大和国务院的权力，也当然不能以村民违反“紧急状态”下的当下政府的规定而拘人，这是一错再错。,这回曲阳县拘留烧杂草的村民，直接找到《治安管理处罚法》里的“紧急状态”。殊不知那指的是戒严状态，派出所或者县公安局根本没有这个权限；烧杂草就搞“紧急状态”，这是全社会承受不起的。,刚刚过去的12月4日是中国的第五个国家宪法日，“尊崇宪法、学习宪法、遵守宪法、维护宪法、运用宪法”已经是全社会的共识，更是各级行政部门、领导干部的责任，然而曲阳当地在轰轰烈烈的学习宪法活动中到底学习了什么，才会把相当于戒严的“紧急状态”当成一个普通形容词？,曲阳当地在治理污染的过程中，一错再错，这种对于法律的曲解和望文生义，以及过于追求取得震慑他人的效果，无疑暴露出当地法律意识和法治观念的淡薄。希望当地能够吸取这次舆情的经验教训，妥善处理好此类情况，避免类似荒唐的事情再次发生。,徐明轩（法律工作者）,编辑 杨林鑫  校对 郭利琴"
https://new.qq.com/omn/20181209/20181209V0V818.html,85后“老警”发际线照被刷爆：派出所工作5年 小鲜肉变脱发叔,
https://new.qq.com/omn/20181209/20181209A0N4Q1.html,32年前被计生干部抱走的“超生女婴”找到了 政府促亲人见面,"
            ,历经32年等待，四川自贡市贡井区成佳镇新平村村民周友生、邹桂芳夫妇超生女儿周红霞终于被找到。成佳镇党委委员唐瑶12月9日中午告诉澎湃新闻，经DNA比对，日前寻亲工作小组找到的疑似周红霞，确定是周友生夫妇的女儿。,澎湃新闻11月24日报道，1986年7月，周友生、邹桂芳夫妇的第三个孩子周红霞出生仅两个多月，就因超生被当地计生干部强行抱走。30多年来，周友生夫妇一直在苦苦寻找被抱走的亲生女儿。,澎湃新闻刊发此事件报道后，得到四川省卫健委、自贡市卫计委关注，贡井区卫计局和成佳镇政府11月24日随即成立寻亲工作小组。,贡井区委宣传部副部长李华12月3日在接受澎湃新闻采访时表示，经寻亲工作小组多方走访，已找到疑似当年被计生干部抱走的超生女婴周红霞。,邹桂芳和唐瑶同日表示，周友生12月2日下午到成佳派出所完成采血，疑似周红霞的女子也完成采血，双方的样本将由警方送上级部门进行DNA鉴定。,唐瑶12月9日中午向澎湃新闻确认，经DNA比对，日前寻亲工作小组找到的疑似周红霞，确定是周友生夫妇的女儿。,邹桂芳说，得到女儿的消息后，她和丈夫心放下了，至少知道孩子还活着。目前，他俩在老家等着与女儿见面的那一天。但目前女儿可能有所顾虑，对此他们也理解，毕竟30多年了。但他们还是很希望见上一面，至于认不认，都没有关系，只要知道女儿过得好就行了。,唐瑶表示，寻亲工作小组也在努力做周红霞的工作，希望能早日促成她与亲生父母见面。,（澎湃新闻 谢寅宗）"
https://new.qq.com/omn/20181209/20181209A0XZ1I.html,北京外来人口户籍人口双下降 劳动年龄人口比例逐年回落,"
            ,12月9日，北京市委党校北京人口与社会发展研究中心、社会科学文献出版社共同发布《北京人口蓝皮书》。蓝皮书指出，最新数据表明，北京市外来人口、户籍人口实现了双下降。,具体来讲，2017年北京市常住人口有2170.7万人，比上年末减少了2.2万人。其中，常住外来人口794.3万人，与去年未相比减少了13.2万人。全市户籍人口1359.2万人，比上年末减少3.7万人，降幅达3%。,澎湃新闻从课题组了解，从区级人口分布情况来看，朝阳区常住人口374万，居各区之首；海淀区常住人口348万，位居第二。同时，这两个区也是吸纳外来人口较多的区域，两区外来人口规模近300万，占全市总外来人口的近40%。而密云、平谷、怀柔、延庆、门头沟等区人口规模较小，外来人口占比也较低。,此外，从2010年以来，北京市人口的受教育程度不断提升，初中及以下文化程度比例从2010年的43%下降为2017年的39%。高中文化程度比例变动不大，大学专科及以上文化程度从2010年的33%上升为2017年的37%。这意味着，近四成北京市人口受过大学教育。其中，近五分之一受过本科教育，近5%受过研究生教育。,值得关注的是，北京市的老龄化程度不断加深。2010年，65岁及以上老年人人数达到170.9万，占总人口的8.7%；而2017年65岁及以上老年人有237.6万，占总人口的10.5%。与老年比例上升相对应的是，15-64岁劳动年龄人口比例的逐年下降，所占比例由2010年的82.7%回落到了78.6%。,因此，蓝皮书课题组建议，应进一步扩大北京通-养老助残卡的政务应用范围，将相关部门的信息共享融合到养老服务大数据平台中。提升北京通-养老助残卡的数据融合与资源整合能力，为社会保障、社会福利、社会优待等政策的精准实施、交通运输力量调整、老年人口分布、城市治理等各方面政策提供详实、精准、全面的决策依据与参考。,同时，对于养老护理人才队伍、专业技术人才队伍和养老管理人才队伍，应通过培训、提高收入、打通上升通道、政策倾斜等手段吸引有真才实学、技能过硬、经验丰富的人才加入。"
https://new.qq.com/cmsn/20181209/20181209008410.html,公安机关侦办一起严重暴力犯罪案件 10名嫌犯被采取强制措施,"　　根据公安部统一部署，日前，山东省公安机关依法侦办了一起严重暴力犯罪案件，钟某峰、郑某冰、葛某高等10名犯罪嫌疑人被警方依法采取刑事强制措施。,　　10月4日至7日，山东省平度市发生一起少数打着“退役军人”旗号的人组织的聚集事件。期间，极少数人暴力袭警、打砸车辆，造成严重人身伤害和重大经济损失，对社会公共秩序造成重大危害。,　　经调查，9月30日至10月4日，山东平度人员于某峰、栾某军、兰某光等策划进京非法聚集上访。在当地党委和政府解释、劝阻过程中，于某峰、栾某军故意“碰瓷”，声称遭到殴打，后到医院检查，两人均未发现异常。于某峰、栾某军、兰某光、王某章等人借机录制、散布不实视频，煽动到平度声援。,　　10月5日7时50分起，至6日中午，青岛和山东其他地市及安徽、江苏、河南、河北、辽宁等省市部分人员陆续到达平度市人民会堂广场，聚集人员约300人，并将木棍、灭火器、腻子粉等工具运到现场。期间，葛某高、王某启、季某敬等人通过现场演说、微信群等方式，大肆煽动挑唆暴力犯罪。,
            ,　　,把铁锹带上，把棍棒什么的都放后备箱里准备好，头盖骨把它敲碎，一定要把他们照死打。,
            ,　　,往死里干，干不死就往死里干。,
            ,　　聚集期间，平度市委、市政府先后4次派党政干部主动沟通对话，但聚集人员提出必须对所有来平度“声援”人员给予经济补偿等无理诉求，并拒绝离开现场。,　　10月6日14时43分，钟某峰、郑某冰、葛某高、杨某青等疯狂实施暴力袭警、打砸车辆等行为，历时11分钟，共导致34名执勤民警及群众受伤，造成经济损失达820余万元。在此过程中，现场执勤民警始终规范文明执法，保持了冷静克制。,　　公安机关调查发现，极少数有违法犯罪前科人员是此次暴力袭警、打砸车辆的主要参与者。目前，钟某峰、郑某冰、葛某高等10人，已被公安机关分别以涉嫌妨害公务罪、故意伤害罪、聚众扰乱公共场所秩序罪、寻衅滋事罪等，依法采取刑事强制措施。,　　公安机关表示，此次事件是极少数不法分子藐视国家法律、挑战执法权威，有组织、有策划、有预谋实施的一起严重暴力犯罪案件。我国是社会主义法治国家，绝对没有法外之地和法外之人。对任何违法犯罪行为，公安机关都将坚决依法予以打击，切实维护社会正常秩序，切实保障人民群众生命财产安全。,　　,　　明天出版的《人民日报》将刊发评论员文章《捍卫法律尊严 维护合法权益》。文章说，退役军人是党和国家的宝贵财富，是建设中国特色社会主义的重要力量。维护军人军属合法权益，做好退役军人服务保障工作，关系国防和军队建设，关系改革发展稳定全局，关系人民群众切身利益。,　　退役军人转业到地方，要安置好，也要使用好，继续发挥好他们的作用。绝大多数退役军人都能以理性合法的形式表达诉求。,　　但也必须看到，有极少数人逾越底线，从事违法犯罪活动，甚至聚众闹事、暴力袭警，呈现出有组织、暴力化倾向，要挟党政机关，漠视党纪国法，背离公平正义，扰乱社会秩序，严重损害了退役军人的形象，也损害了人民群众切身利益，已经成为影响一些地方社会稳定的突出因素，引起广大人民群众强烈不满。近日，有关部门对山东平度等地极少数打着“退役军人”旗号暴力袭警等违法犯罪行为依法采取行动，顺应了广大人民群众意愿。,　　我们是社会主义法治国家，法治是维护人民权益、维护社会公平正义、维护国家安全稳定的重要保障。法治社会不存在法外之地、法外之人，谁都不能为所欲为。"
