点赞数,姓名,时间,评论
"('23021',)","('嘟嘟熊之父',)","('还能更土更儿戏一点吗？毫无思考仅靠煽动，毫无敬畏仅余妄想。好的科幻片应该首先承认人类的无知，并跳出人类的视角去看待人与宇宙的关系，而不是一头扎入狭隘的家庭纠纷与大国情怀中自作聪明自我感动。被吹到不行的特效如同导演抡圆了膀子朝观众脸上砸各种金银珠宝，闪到不行但全无美感。有人说作为中国第一部硬科幻电影，不要跟美国比，只想说这宣传攻势票房体量已经超越大多数好莱坞商业大片了，凭啥不能和人家比？所以评价《流浪地球》很简单，你把片中所有角色换成美国人，然后再想想自己愿意打几星。',)","('2019-01-28',)"
"('5247',)","('木子Lily李',)","('大量说话口型对不上，后期配音？地下城场景迷你，在酒吧搭的棚？起码有两个镜头连不上，中间剪掉了？最大的问题是把观众当傻子，全部都是解说来展现内心os和世界观。人物都纸片人，充斥着连续快速的动作镜头，一下子近一下子拉很远，很迷，大量子弹时间中的子弹时间，有趣麽？一颗星给吴孟达的演技和男主的颜吧。',)","('2019-01-29',)"
"('5071',)","('路有冻死宇',)","('快要把我震死在影院座椅上了。影片有科幻设定而无科幻精神，每个人物都处于被集体主义长期坑害的大脑缺氧状态。尬燃尬煽加尬聊，镜头交代极其潦草，你在片中常常能看到这种剪辑――前十秒任务车辆行驶在一条高空坠物加地面崩坏的险境，观众紧张得脚趾都弓起在鞋里，而最后脱离危险的瞬间却被离奇地省略，继续朝前迈进了。整部电影就是这样一副打肿脸充胖子的模样，纵使安插再多百度百科程度的历史梗也难以真的唤起人类共鸣。我不知道4.2光年外等待人类的恒星处于何种境况，但几乎可以确定再来100部这样的重型土鳖电影人类一定会因绝望而抑郁至死。',)","('2019-02-05',)"
"('5304',)","('侠侠',)","('真为吴京的演技尴尬，总是摆出一副大义凌然的样子，好奇为什么刘的作品中总有这种傻逼般的圣母存在。作为一个中校，对与错命令与否完全没有概念，冒着地球灭绝的同时让仅有的希望之种空间站也都消失的可能性，一个是全人类一个是个人感情，谁更重要分不清就不要当军人了谢谢。浪费这么好的题材设定，吐',)","('2019-02-05',)"
"('3910',)","('我是王大鹏啊！',)","('失望 一群聒噪的角色让人忍不住觉得地球还是毁灭了比较好',)","('2019-01-28',)"
"('2595',)","('Pixelss',)","('Frost punk了解一下，拍的还没游戏好的电影，通通一分',)","('2019-02-04',)"
"('3073',)","('gus',)","('台词做作剧情薄弱没一个演员在线 无时无刻的尬笑走心台词还以为编剧是激素泛滥的中年少女 感觉看了一部战狼3 最后小女生用一篇激情澎湃的即兴小学生作文感动了全球救援队 中国梦实现了！',)","('2019-02-05',)"
"('2731',)","('Cobain',)","('不能因为它是首部本土科幻片就蒙蔽了双眼打高分，对吧。看完要说的仍然是中国电影工业还有很长的路要走。\\\\ 再说两句吧。库布里克时代拍科幻片就在处理哲学的基本命题了，他给的起点多高啊！我们没道理只逗留在通用表达上，处理人类的情感抒发。 林若宁给Eason的《月球上的人》这么写道「从未来观看 潜伏万年的野史记载 不理它小爱与大爱 人类太过渺小的最爱」这才是对宏大的宇宙观应有的共识。 这两年也就《降临》和《谷粒》达了标。',)","('2019-01-20',)"
"('2895',)","('妖孽',)","('野心远远大于能力的作品。大刘小说打底，导演用影视化视觉实现了大部分想象，敢想敢做！远超预期，牛B，但也仅自于此了。故事一塌糊涂，世界观做的如此粗糙，叙事完全不讲逻辑，人物动机行为全都莫名其妙不能理解，台词在电影里算的上数一数二的烂，最恶心的是国人文化自豪情绪被名目张胆刺裸裸的利用成商业行为，明明稍微用点心思就可以更好一点，偏不！导演编剧仿佛在对你说，故事差不多得了，太深了他们看不懂，就是要俗气，直白，最要紧的是中国人要拯救地球，吴京要操翻世界联合政府，中国就爱看这个。中国人就只，配，看这样的科幻故事！对啊！看看这些评论，就只配看这样的科幻故事。白瞎了这样的制作！白瞎了中国人自己的硬科团队！',)","('2019-02-05',)"
"('2385',)","('倒带',)","('充斥着模仿的痕迹，某些镜头直接地心引力同款，另外就是画质极渣的摄影以及播放卡顿。宏大主题配以乡土气十足的人设、情感以及地下小镇式场景，中段的冗长更是让人疲惫。倒是现象级的吴京带来现象级的吹捧狂潮惊到我了。',)","('2019-01-29',)"
"('2346',)","('LUCIFER',)","('新时代特色社会主义硬核科幻',)","('2019-02-05',)"
"('2045',)","('qw0aszx',)","('这个设定本身带来的那种悲壮甚至一丝浪漫感全被各种毫无节制的煽情和空到不行的台词给毁了 ★★☆',)","('2019-02-05',)"
"('2220',)","('迷眼看青山',)","('求求编剧，人类都快失去地球了，生存才是最重要的。请别再bb这点家庭琐事和煽情烂梗。白瞎了刘慈欣原作的宏大主题。',)","('2019-02-05',)"
"('1729',)","('南乌',)","('不论从任何一种标准（科幻片的，华语片的，华语科幻片的）来看，都不能称得上是部合格影片。严重过度剪辑，这种典型2D动作片剪法用在这部空间结构比较复杂的3D科幻片上简直是胡闹。空间及动作表现极其不清，轴线纷乱，运送火石吴孟达死那一段，有人能看清发生什么事情了吗？经常错误地插入过紧的特写和过大的远景，在运动方向不一致，且无有效明暗对比的情况下，完全无法锚定观众注意力。全片仅有少量连续长镜头让人感觉空间清晰，但跨越数十万的公里的建构着实费力。每当镜头抽远，人语一成不变地延续，仿佛在看一部云淡风轻的青春片。说到底，这点视听手段完全无力处理刘慈欣的星系尺度超全知叙事。',)","('2019-02-05',)"
"('1290',)","('大瘦瘦',)","('影评千万条，真实第一条；违心不规范，友邻两行泪！',)","('2019-02-05',)"
"('1402',)","('山居慢慢',)","('《流浪地球》是个好片，通过年轻的男主角告诉年轻人，所有人都欠你的，所有人都不是人，所以你可以管你姥爷叫老东西，可以用烟头烫掉你爸照片的头…只要你想干的，甭管规则法律也甭管别人死活，去吧比卡丘…。通过上了太空的战狼告诉全世界，只要我不高兴，只要我想救我儿子是对的，我他妈不管你们谁签署过协议，我不管我身上有什么使命，必须按我说的做，不做，老子就放火。为那些要自己下车而抢公交车方向盘的，为了老公没到而逼停高铁的，为了抽口烟而要打开飞机舱门的前辈们招了魂，申了冤。赞👍',)","('2019-02-06',)"
"('1328',)","('苏妄言',)","('这回还真不是吴京的锅，而是整个团队的锅！前半段尴尬，后半段强行撩，导演这剪辑和节奏掌握的都赶上各种笔仙碟仙了，本以为特效会有亮眼的地方，但整个cg效果并不让人满意，与其说这电影是科幻电影，不如说是部人伦片，催泪部分说是为了让科幻片看着不生硬，哎哟我去，这一催，更尴尬了！演技担当也就达叔了！所以一星我真的给得尽力了！',)","('2019-02-05',)"
"('1240',)","('[已注销]',)","('一分。画面分。 在一个烧石头都能做热核聚变的高科技时代，会搞不清楚发动机的工作条件导致集体熄火拉全人类去死？这是侮辱全人类工程技术人员和科学家的智商，被否定的方案能够实现，说明以前的预演就是放屁，如何把方案做得完美压根就不合格，可靠性，可行性是怎么验证的，此路不通也就没有别的补充方案了。科幻并不缺乏大场面的制作，虽然早已审美疲劳了，最大问题是脑残的剧情，它和你讲情怀和想象，我只能摇摇头。战狼京出现的违和感，让我有点想起当年芮成钢的名言“我代表亚洲”？莫名其妙的自以为是的所谓政治正确和愚蠢下作的接地气，除了画面科幻，就一意淫片。还有，并不是讲国内出了个能看的科幻片就必须鼓励大于批评给个五分。',)","('2019-02-05',)"
"('778',)","('gespenst',)","('其實是這樣的，某國一直以來都處於一種動員體制下，導致人們漸漸把一種反日常的生活“活出了人味”，這部電影無非也想以此標榜，只不過他們還沒有嚐到大洪水的滋味罷叻⋯⋯',)","('2019-02-06',)"
"('914',)","('Mr. Infamous',)","('很认同且期待中国早该出一部硬核的科幻大片。有大刘的基础，也有郭帆的实力，当然希望《流浪地球》不仅是一部有着震撼工业视效的电影，而且是一部无论在角色塑造、故事内核还是情感共鸣上都属上乘的作品。可惜，“说好要做彼此的天使”等台词以及隋凯等角色不合时宜的低廉笑料，包括抖音等广告的植入，展现了太多妥协与媚俗，明明该记得许多壮阔的天文奇景与末日气象，可脑中最挥之不去的竟然是广播腔的“亲人两行泪”？再加上一些表演的不足，情感的干涩，还是失望的。可对郭帆和中国科幻片，仍会寄予希望，期盼国产科幻片的扛鼎之作，就在不远处。两星半。',)","('2019-01-12',)"
"('904',)","('懒懒',)","('就真的，三分不能再多了。我很失望😞电影改编得面目全非。刘慈欣最精彩的是他的科幻的形吗，是吧，但除了他恢弘的宇宙想象外，更精彩的是对人性的洞悉和对社会形态的观察力。这些电影全都自我阉割，根本没打算要拍，即使自我降维打算拍成美式爆米花电影，却又连故事都讲不好，硬挤尴尬地笑点和煽情，人物全都莫名其妙的缺发动机。书中有侧面描写过为什么最终计划倾向于地球派而不是飞船派，电影连这一茬都不打算提，难道没看过原著的人不会困惑为什么要拖着个大地球满宇宙跑而不是靠飞船高效移居吗？连爆米花电影的水准都做不到，为刘慈欣不值，可别再想着拍三体了吧[微笑]最后居然还改成吴战狼的个人英雄主义，吐了，真的。',)","('2019-02-05',)"
"('662',)","('基闹',)","('开年第一部灾难大片——灾难级的表演，灾难级的文本，灾难级的剪辑，灾难级的摄影。原著小而精的结构到了电影里变成了赶流程一样的儿戏，通篇的廉价煽情和自我感动。最后小女孩全球广播作文朗诵我甚至听到我爸重重的“啧”了一声。至于技术，「值得鼓励」和「好」是截然不同的两件事情。',)","('2019-02-05',)"
"('614',)","('莫呼洛迦-屁股上的青春在歌唱',)","('粗魯、小氣、煽情、藐視精英政治、以莽夫之智挑戰科學、沒有邏輯到不可理喻、畫虎不成反類犬 矮化除中國盟國外的宇航員和民族，這點實在太讓人覺得有失國格（或者說風度）； 在現在這個時代環境下，我不迷信西方民主政治那套，但迎合民族主義還是讓我覺得如果它代表的是中國新時代的「硬核科幻片」顯得非常小氣； 可以接受科幻片不用講求很強的邏輯，但這種小學生式的匹夫之勇，會讓我懷疑這個電影是不是太過迎合現下的反智情緒？ 把粗魯和沒禮貌當成是某種「男子漢式的幽默」讓我感覺非常的不適，你可以稱呼長輩「大哥」或是別的什麼，但絕不是影片裡的那三個字； 不論是那種政治形態都不會像過家家酒一樣，做出那麼幼稚、輕率的舉動； 中國很強，但中國人民並不像影片裡那樣用無知來表現無畏；',)","('2019-02-06',)"
"('423',)","('西帕克',)","('流浪地球这个科幻设定非常浪漫，但执行起来却有点网飞网大的感觉。人物多且不深入，主线基本就是一场没规划的救援。导演既想做的温情，又想做一点悬疑，但两头落空。其实，这个设定可挖掘的地方很多，毕竟计划刚开始就要杀死一半的地球人，如何选择取舍其实非常艰难，之后的社会也更应该沉浸在悲伤和自责中，而不仅仅是如今的猎奇和救援。只关注科学的那一面，而略过或简化人性的那一面，难道中国科幻的最高追求只能是爽片吗？',)","('2019-02-06',)"
"('438',)","('Plauto',)","('暂未看原著，此评分仅针对电影呈现拍摄制作。评分绝大部分给画面特效。1、情节全靠台词和配音推动（刚才地震了！刚才二次地震了！杭州沦陷了！我们到印尼了！木星引力加大了！我们成功了！）2、插科打诨特别尴尬，一些人物个性莫名其妙（如呕吐的那段）3、煽情极多，好不容易情节走入正轨热血沸腾时就死个人，再嚎两下（此处放大回音混响音效），节奏感贼差 4、价值观混乱。一会要救地球（为了大义），一会要救家人（为了团聚），一会独自行动（违背规则），一会扬我国威（道德绑架），前段一直嚷着要回家（又不让地球末日团聚），最后再为了拯救一部分人牺牲所有人类遗产。反正我们爷俩想咋样，整个宇宙就得怎么来——这不是典型的巨婴心理么？强行反思的人工智能桥段，也无疾而终（再申——原著内容暂不知晓）。抱歉，白眼翻到烂。',)","('2019-02-05',)"
"('289',)","('LOOK',)","('科幻层面没有任何想象力可言，基本就是又让我看了一遍红海行动',)","('2019-02-06',)"
"('388',)","('变形的文科生',)","('作为科幻迷来说，挺失望的，想打两星，充其量就是个好莱坞平庸水准的太空灾难片。完全没有预期中的超级震撼感，因为本片其实谈不上想象力，画面、情节很多都是经典/知名科幻片的移植，甚至没有自己的风格，纯粹就是一个砸钱的工业特效大片，看不到任何新东西，无法让你产生那种神秘宇宙探索的敬畏与致密吸引力，如果你是看过很多科幻片的科幻迷，你压根不会为任何一个画面或者情节感到激动甚至颤抖。 作为一名中国观众，就觉得还是可以给三星半吧，毕竟起码特效水平是上去了，在好莱坞面前起码不会显得太low。总体而言，这与我预期中的那种充满人文、科学智慧与审美的高级科幻片，还是差了十万八千里。再次感叹，库布里克是真的牛逼，老雷是多么值得跪拜，诺兰也真的是无可替代啊！',)","('2019-01-28',)"
"('407',)","('寻～',)","('想看科幻的，可以散了。想看父子冰释前嫌的，赶紧去吧。',)","('2019-02-05',)"
"('117',)","('大奇特(Grinch)',)","('拍摄的角度来说可以了，美术、特效一大进步，不足还有很多。原著的概念改成宏大视角下的舍小家顾大家……旋律也就跟着正了。给予观众的解释太多，赋予观众的想象太少，过多展现特效，缺少对人物功能、动机上的铺垫，以及镜头切太快，细节有缺失。年轻演员整体太差（尤其那个程序员），放了几个很基础的致敬元素（如“HAL9000”的莫斯，陀螺钥匙扣等等），行吧。',)","('2019-01-28',)"
"('269',)","('野火一九八四',)","('不能说坏话',)","('2019-02-06',)"
"('306',)","('Backy',)","('8.4分感觉像是刷出来的 没感觉多好看啊 为什么就不能客观点呢 一定要用爱过情怀来绑架 说实话中国人如果真的那么多爱国的就不会有日本车满地跑 韩国戏子满地蹦跶了',)","('2019-02-06',)"
"('264',)","('已注销',)","('吴京出现的时候电影就可以定调了:咱工人阶级战天斗地，人定胜天！于是给吴京一火车皮黑煤，吴京捋捋袖子，双手托住车皮就要起飞。外国科学家用汉语:“哲抬荒谬了！人怎么可以飞！”吴京:“你们超人飞起来，没人敢说假！中国人飞起来，就是假的！我不服！我就是怼！”于是，竟然真的飞起来了！外国鬼子和洋奴们瘫倒一地，吴京双手托举火车皮，笑笑说:“这是非洲朋友把我抬起来的”，转身飞向太阳。地面围观群众双拳抱胸做紧张状，街道大妈扭起广场舞，背景音乐:高山扭秧歌，大河笑呵呵。举着大红旗，对着伦敦说。不用十五年，就把你赶过！说时迟那时快，吴京飞到太阳边，一把将火车皮丢进太阳。太阳重放光芒！人类得救了！吴京拍掉手上的灰尘，笑着说:爱慕拆腻子！借着，又用手指着屏幕外提前退场的观众:中国人的败类！',)","('2019-02-05',)"
"('341',)","('黑暗骑士',)","('这电影要放在好莱坞，就是烂片一部。既然是放在中国，那就多一星鼓励吧。',)","('2019-02-05',)"
"('205',)","('文森特九六',)","('倒也不是说有啥特大特显眼的问题，主要还是太没趣、太无聊、太简单、太狭小了，另外再多句嘴，以好莱坞式的工业制作与美学取向标准完成的这部开启所谓“中国科幻元年”之定义的作品，真的就值得我们自信和骄傲吗？',)","('2019-02-06',)"
"('187',)","('冰山的阴影',)","('1.2058年的中学课堂与社会结构还停留在1988年，机械设计还停留在维多利亚的蒸汽齿轮阶段；2.请全世界自以为是的熊孩子都进监狱；3.心疼休眠中的其余精英宇航员，莫名其妙就成了一意孤行的陪葬；4.56种语言，大力出中国奇迹；5.让人类永远保持理智，确实是一件奢侈的事。',)","('2019-02-06',)"
"('212',)","('小白兔吃猫饼干',)","('超科学超特技不好看找豆瓣退票',)","('2019-02-06',)"
"('198',)","('书中说书',)","('看過星際穿越，這個還是不要看了。',)","('2019-02-06',)"
"('303',)","('FYB',)","('煽情显得太尴尬',)","('2019-02-05',)"
"('152',)","('文森特',)","('高度依赖文本的叙事，郭帆创造了一种全新的艺术形式……姑且称之为“视听小说”吧。叙事基本靠说，剧作节奏零碎且赶，看得出郭帆对某些观众智力的绝望，浅显直白到务求最智障的人都能看懂。郭帆讲故事的耐心近乎为零，放弃了引导而是一味强迫观众进入情绪。闭眼睛就是广播剧，睁眼睛就是奇观展示。配乐的滥用令人发指，三条音轨几乎铺满了整部电影。郭帆似乎并不在乎观众的听力健康，低重音滥用让人濒临崩溃。着重强调“灾难”的场景，却淡化了逻辑关系，对关键信息进行了模糊化处理。为了惨而惨，死亡在剧作层面目的性很明显，对操控观情绪的作用比对剧情的推动要大得多。经常为了戏剧性，彻底牺牲逻辑。郭帆对演员的指导堪称灾难，情绪建设基本上没有，全凭乱吼爆发出来。立意层面依旧是刘慈欣让人作呕的三观，在极端背景下论证那套反智反理性的东西。',)","('2019-02-07',)"
"('143',)","('Ms_underwater',)","('这台词这人物设定看得我直翻白眼尴尬症都要犯了 简直浪费大制作',)","('2019-02-06',)"
"('296',)","('一样',)","('人类伦理？科幻？算了吧。',)","('2019-02-05',)"
"('243',)","('老五',)","('嘿嘿，霍金牛顿老爷子在世看到吴京哥哥的流浪地球，会气死',)","('2019-02-05',)"
"('123',)","('高崎\u3000ウミ',)","('Lol fk off',)","('2019-02-06',)"
"('99',)","('玻璃渣问自己',)","('感觉看了一部战狼3',)","('2019-02-06',)"
"('82',)","('寒枝雀静',)","('2.5 / 假如“元年”如百度百科所说意为“某个事物或事件开始发生的时间”的话，那么这部影片在人物塑造、情节推进、主旨串连、演员表演、配乐调用等基础的叙事（或是论证）能力与视听技巧方面都是配得上这一称号的，而视觉效果则比“元年”要成熟不少。一个初生不久的孩子不会说话走路，眼中却有着扁平驳杂而充满新鲜感的世界。只不过“世界”到底意味着什么，“死亡”意味着什么，对它而言还是如此轻薄模糊。然而这些实质性的成长镇痛，才是在鼓励之外必须要磨炼的内容。',)","('2019-02-06',)"
"('95',)","('地面潜航艇',)","('听说会被战狼围攻，窝试试。',)","('2019-02-07',)"
"('164',)","('你爸',)","('我错了 我不该花65在电影院睡觉',)","('2019-02-06',)"
"('127',)","('土帆十四郎',)","('恐吓差评人士，老牛逼了',)","('2019-02-06',)"
"('157',)","('这男人温文尔雅',)","('就因为我差评了一下，已经好几个小号私信骂我，骂完就拉黑，哈哈，这个电影是多垃圾，粉丝是多脑残，搞这样的人身攻击，果然这么高的分都是傻逼刷的，我在此奉劝要骂我的孙子们，要骂就正大光明的骂，爷爷不怕你们，不用拉黑，有本事理论理论，一群死全家的孙子，尽管放马过来',)","('2019-02-06',)"
"('119',)","('宽松睡裤又如何',)","('一部软科幻电影就不要拿出一副硬科幻的腔调，硬又硬不起来。',)","('2019-02-07',)"
"('131',)","('美卡 mecca',)","('年初一@上海华谊中心 战狼版白鹤，四弟减一星（真实地差点吐了',)","('2019-02-05',)"
"('68',)","('汽车大师',)","('特效上的确不算尴尬了，可动作戏的执行每场都尴尬，我反正是看不懂前因后果实际都在演些什么，趁着卡梅隆客套夸赞几句的机会赶紧去拜个师吧',)","('2019-02-07',)"
"('86',)","('喂饭',)","('犬儒、鸡贼到让我愤怒，所以这次评价决定不再犬儒直接一星。觉得科幻的核心永远不是设定、技术。它首先是遵循电影调度逻辑的电影；然后是责任感，是设问和思考，是“终极体验”。技术只有契合在这两者身上才最有价值，最有“电影价值”乃至“科幻价值”。其余的都多少是扯蛋和自我标榜',)","('2019-02-06',)"
"('119',)","('Lucifer',)","('国人有多匮乏想象力呢？从流浪地球的影评不难看出来，大多数人对于国产科幻电影的展望都不过只是宏大浩瀚的故事画面。至于尴尬又不好笑的网络流行段子，毫无逻辑可言的剧情转折，以及迷幻的主旋律大背景好像对于国产科幻片都是过于超纲的苛责了。加之春节气氛的渲染，该片顺利摘下国产硬核科幻巨作的标签。各位观众请仔细想一想，战狼站在宇宙中心呼唤爱的那两段科幻在哪里？？这特么难道不是剧情片？？还有刘慈欣，你不是说自己作品最吸引人的特质是冷酷但又冷静的理性吗？请问这部电影冷静在哪里？？主角加配角一言不合就疯狂飙戏，中途入场的观众如果正巧撞见近景镜头难道不会以为是在看神探蒲松林吗？最后，我希望《三体》永远扑街。',)","('2019-02-07',)"
"('182',)","('蒋焱焱',)","('剧情太弱智了。别特么给我扣帽子说什么不爱这烂片就是不支持中国的科幻，我付了钱买的票还不能实话实说了？',)","('2019-02-05',)"
"('156',)","('MsWan',)","('大刘的想象力确实没的说， 可惜不够硬核… 对于天文物理学专业的我，研究广义相对论。 这些剧情属实弟弟…，',)","('2019-02-05',)"
"('190',)","('昵称被占不开心',)","('特效不错 剧情硬伤',)","('2019-02-05',)"
"('184',)","('極北丶',)","('这分数我又叛逆了，本应三分是全给特效的。内核剧情看得我彷佛吃下大年初一第一口shi…科技进步成这样了为什么每个人还作得让我恨不得打爆他们的🐷头',)","('2019-02-05',)"
"('53',)","('无机客',)","('还没看完，就可以来打分了。最大的问题是情节和细节上的各种格格不入。',)","('2019-02-06',)"
"('157',)","('神死慟瞑',)","('整体值三星半，不过分太高了，这有点像中国版黑豹，抛除爱国情怀正常分应该在7.5-7.8',)","('2019-02-05',)"
"('110',)","('御风飞行',)","('对不起，不好看，国产科幻片任重而道远。你说一个没受过任何训练的小屁孩顶着主角光环叫嚣着“哥是个天才”拯救了整个地球，我还想说姐上辈子拯救了整个银河系呢！',)","('2019-02-05',)"
"('92',)","('沈霁',)","('吴京和刘慈欣，本来以为我最不喜欢的演员和作者混在一起，可以负负得正，结果tmd还有个郭帆。',)","('2019-02-05',)"
"('42',)","('寂地',)","('早早定了《流浪地球》的票，设定棒，开头燃。可惜大气磅礴的背景下，少年男女主角的性格就显得太矫情了，人物也有点脸谱化。但流浪地球的概念真的好棒！都可以拍成几季的长篇科幻剧了，一部电影讲完这一个故事已经实属不易……看完坐上车忍不住想对导演说：“行车不规范，亲人两行泪。”',)","('2019-02-06',)"
"('201',)","('清山昔水不在流',)","('中国科幻电影仍有很长的路要走',)","('2019-02-05',)"
"('63',)","('福禄寿喜九段',)","('奇呆无比，蠢到爆炸的战蛆也来了？',)","('2019-02-06',)"
"('123',)","('Colin记',)","('特效是挺棒，其他的一塌糊涂，剧情就像原著本书一样的不知道讲的什么东西',)","('2019-02-05',)"
"('54',)","('乱骂1977',)","('拍出了c级好莱坞科幻片的质感，不知所云不知所踪不知所谓不知所以。生活耗尽人的热情，这部电影也一样。假大空无法使人感同身受。把中国人的情感拍的很廉价。猪队友让人生厌。',)","('2019-02-06',)"
"('119',)","('西凉虫',)","('特效确实里程碑式的科幻作品，但这个故事，除了“流浪地球”这个设定跟原著一样，其他都是“原创”了。一看就是闯关打怪的设定，一些配角你瞄一眼就知道谁要被套路牺牲了。我真的很反感这种过度煽情，台词都很差很愚蠢，女主最后鼓动增援的发言，真的low炸，毫无感染力。如果以好莱坞标准出品的电影，这电影十分的话，也最多六分了。',)","('2019-02-05',)"
"('57',)","('幽幻',)","('5.0灾难，全方面的。 1:这种大远景，蒙层雾的特效可能能糊弄很多人，但是电影工业又不止于特效，我妈妈都能看出的糟糕剪辑和嘈杂配乐是被无视了吗? 2:9102年了，一部电影居然还全程用配音，导演不愧是青春片出身，电影实在是充满“青春活力”了呢!这个时候就要夸夸吴京了，真的是救场的。 3:剧情如同儿戏，设定各种不合理，尴煽尴燃真的不可取。 解决不了以上的问题，谈何电影工业，不过既然你们愿意说这是我们的科幻元年，那他就是吧，whatever了。',)","('2019-02-05',)"
"('20',)","('杨三疯',)","('吴京对着地球喊了一声：儿子！所有活着的地球人都成了他的后代，牛逼还的自己吹。感性战胜理性，傻逼干死科学家的典型案例。',)","('2019-02-08',)"
"('36',)","('RS',)","('似乎很多人的给星点都在于原作太空场景的具像化——然而这片内核和原作完全相反，原作中联邦为了文明延续的希望坚守了信念，本片为了临时拍脑袋的理论上不可能完成的任务毁掉可能性非常高的而且看上去是唯一的保存计划，也好意思讲希望，说到底并没有真正在乎文明延不延续。其实另外一条路也可以就是无论人类灭不灭都无所谓，因为人类文明消失对宇宙根本不算个事儿，宇宙该怎么着还怎么着，但片子也不是这个思路啊，另外madmax，gravity，2001太空漫游都在看着你。',)","('2019-02-07',)"
"('62',)","('龙君希',)","('国人还需50年，智商才能提上来。',)","('2019-02-07',)"
"('55',)","('架构师',)","('富力海珠城14：40场，IMAX 4D，车子发动的时候座位都跟着震动，震感相当到位。影片评价：全面照搬美国灾难大片模式，我们从小看着《后天》，《2012》，《变形金刚》这些美国大片长大，对其中所有的剧情套路、人物配置都早已熟悉，这种电影真的不用看都知道接下来的情节走向。但对于我们的孩子来说，他们最早接触到的是中国国产的大片，让国产电影成为孩子的电影启蒙，这个重任交给《流浪地球》，是完全称职的。视觉效果相当震撼，气势宏大，作为一部合家欢、大团圆风格的电影，质量非常高。相信中国有了属于自己的一流的“合家欢”科幻片，以后也会慢慢出现更黑暗、cult风格的科幻片 —— 当然绝对不会是这一部。',)","('2019-02-05',)"
"('109',)","('kazuma',)","('三分给特效，其他什么东西，还救地球，浮躁的民族。你以为你是布什啊',)","('2019-02-05',)"
"('10',)","('Placedo',)","('看到天上那颗星星了吗？就是这部电影的评星。',)","('2019-02-07',)"
"('34',)","('热血青年李健',)","('八组吹得我忍不住去看了午夜场，实在是失望，特效粗糙，台词幼稚，人设肤浅，剧情无聊，刻意煽情……wtf，被口碑逆袭营销路线套路了。一星给全片最佳扮演者——空间站控制系统Moss！地球都快毁灭了，只有Moss在扮演着科幻片的角色，其他人都还想着回家过年:)“moss从未叛变”全剧最苏',)","('2019-02-08',)"
"('57',)","('璐璐',)","('5，片子没有特别大的问题，但可以有更好的执行方法，现在这样拍真的太笨了，基本想到哪出是哪出，地球上这条线本来在及格线边缘徘徊，可惜被毫无节制的煽情段落拖入可怕的滥情深渊，地球外悬疑铺垫很棒，最后又强行跨到个人英雄主义连带狂煽，两条线其实都有很好的深挖空间，只是编导错误地把格局做小了。另外，小说让太空浪漫成为可能，形成一股温柔的力量，现在只有力量没有温柔，这不是好的改编策略。',)","('2019-02-06',)"
"('115',)","('曹孟德',)","('我觉得不行。科幻片国内还是有待加强。',)","('2019-02-05',)"
"('64',)","('笑溶',)","('步子迈大了容易扯蛋！什么硬科幻...奇幻还差不多！特效视觉无法代替故事与人物，矛盾、危机情感都硬生生的靠台词来表达，每个人物之间的关系建立都薄弱的跟电影里塌个没完的地球似的。大荧幕上人物的近景是带入共情的关键点，可是不仅带了个头盔还狂风暴雪，看不清楚脸，还有在喊着想回家的时候竟然切了个大全景，呃...最后妹妹那段慷慨激昂的号召之后，我就只能一直挠脑袋，这是在演什么？',)","('2019-02-05',)"
"('112',)","('快到碗里来',)","('改名《战狼3》吧',)","('2019-02-05',)"
"('69',)","('離塵逸士',)","('据说打1星會招来太空戰狼的“亲睐”... 我对刘慈欣打着science fiction兜售其整體主义思想实验（thought experiment）和恶臭世界观的电影，無感...',)","('2019-02-06',)"
"('27',)","('ReeZan',)","('问题太多了，其中最受不了后期配音连口型都对不上。人类才是原罪，不如灭绝了的好，还宇宙一个清静',)","('2019-02-06',)"
"('71',)","('木头',)","('硬打硬的科幻硬是被拍成了家庭伦理剧，真的恶心要死，这一家子直接改变了地球的命运？还有没有点对自然的敬畏？对科学的尊重？联合政府毫无存在感，吴京一个人顶两个。看了一半总想着户口什么时候死，到最后竟还当上了官？不想多说了，科幻片从不是这样的。',)","('2019-02-05',)"
"('100',)","('精彩是我',)","('一大早被家人拖来看这个，老家影院还特贵，虽然知道大概结果，但实在忍不住吐槽。这样的国产科幻里人物的问题更严重，没有真实的欲望，表演陶醉在个人世界中，很难打动人。叙事场景确实恢宏庞大，可你就是感觉假，如果演员心里都没真的相信那些欲求是必须的，那又怎么能推动故事呢？',)","('2019-02-05',)"
"('22',)","('阿V',)","('8.1是什么虚幻高分？？？我不信这里面有二十几万人的理智…两星鼓励分不能更多了=""=前半部分什么鬼剧情，整部缩减成二十分钟短片说不定还能得个四星推荐，进步是有的，经费是花了，和老美比就算了好吗？',)","('2019-02-07',)"
"('110',)","('扰乱',)","('不会讲故事 导致逻辑也乱七八糟 也不会拍电影 堆积堆积堆积堆积毫无节制 全都是空的 大型审美疲劳+刻奇 好在主旋律没那么强 但是也够鸡贼 很多偷学的地方 但是也学得不好 好在硬条件上够强',)","('2019-02-05',)"
"('38',)","('小暴',)","('国产电影工业水平真心可以，但剧本和演员真的是降智打击',)","('2019-02-06',)"
"('30',)","('蝌蚪往人',)","('先打一星，看完了回来改。',)","('2019-02-06',)"
"('33',)","('归来的张献忠',)","('三体、施特劳斯、哈耶克……以后都是要烧掉的，相关爱好者应该直接吊路灯',)","('2019-02-06',)"
"('97',)","('丸内虐待狂',)","('还真是宇宙战狼；九个编剧合力，写了一个半小时的开车戏；没有丝毫原则的全球救援',)","('2019-02-05',)"
"('88',)","('不可一世',)","('果然和预料的一样，特效3流水准，大量cg感，精度不够，建模物太少，最主要的是画质也不行，亮度不够，灰蒙蒙的，色彩单调。前半段真是太无聊了，让人一度想离场。剧情马马虎虎，整片可以对照全球风暴，就是比全球风暴特效差一些，其他差不多。全片就是看一些灾难特效，没有怪物，没有大反派，有点无聊',)","('2019-02-05',)"
"('36',)","('狸买猫',)","('一分给特效。这部电影就像中国的大城市，华丽恢弘，没有灵魂的高级废墟。',)","('2019-02-08',)"
"('68',)","('正义的网友',)","('在小说科幻体裁的外壳下再造了一个灾难片内核，搭配各种造作的台词、蹩脚的演技、落后的科技，数不清的bug，形成一部真灾难片。连情节都需要靠生硬的话外音推进，背景再恢宏有什么用？连细节都无法理得通顺，特效再牛逼有什么用？这是我被豆瓣评分骗得最狠的一次。',)","('2019-02-06',)"
"('24',)","('Alan',)","('如果这部电影成为中国科幻电影所谓的新纪元，那么中国科幻电影真的是前路渺茫……',)","('2019-02-08',)"
"('62',)","('Andy·Zhou',)","('就吴京这做作的表演，一星我都不愿意给',)","('2019-02-06',)"
"('47',)","('西卡里奥',)","('妹妹开着全球广播声情并茂地发表了一番个人感悟心灵鸡汤后，外国人纷纷落下泪水，鸡血充满身去援助。至此此片苦力维持撑着的“大片”感终于回到了本来的小品面目。多次连贯的旋转镜头被剪碎切到满是机械堆砌的镜头很短时间，还没看清又剪开，几个镜头后又剪回来，你剪辑是干什么呢？？？',)","('2019-02-06',)"
"('12',)","('橙子没有皮',)","('试着打个一星，看喷子们怎么喷我？',)","('2019-02-07',)"
"('45',)","('反串死一车妈',)","('抱歉，我收了三体人太君的好处，真的对不起，。。。我实际上是很喜欢这部电影的，真的。',)","('2019-02-06',)"
"('55',)","('滴水藏海',)","('台词尬，剧情弱，对吴京审美疲劳',)","('2019-02-06',)"
"('93',)","('🐑',)","('首先零点场恶心到我了，其次预告片相当反感，最后也就一般科幻片，总之恶心到我了',)","('2019-02-05',)"
"('56',)","('连短亭。',)","('…就不说科幻内核多么经不起推敲了，里面所有角色的人性都令我作呕…结尾主角没死，注定还要继续祸害人，呕【粉丝再给我发辱骂短信，全部主创新年暴毙',)","('2019-02-06',)"
"('16',)","('近似无限透明的蓝色',)","('抛开特效场景，流浪地球的剧本还剩下些什么？情感、逻辑、人设，处处都一塌糊涂，过多冗长的情节只是为了煽情做铺垫，中国电影欠缺的真的是好莱坞工业级别特效制作水准和华丽炫目的视觉效果吗？张艺谋陈凯歌的前车之鉴里，我们从来都不缺面子，缺的是里子，缺的是把一个故事说得吸引人的能力，否则把银河系都流浪完，依旧是变形金刚系列节节败退的结果。中国的科幻元年？想起李毅大帝的语录：我护球很像亨利。',)","('2019-02-07',)"
"('42',)","('Sprite',)","('犯我地球者，虽远必诛！',)","('2019-02-06',)"
"('34',)","('Z安然',)","('场面大，特效炫，不错，中国拍出来了，但挡不了节奏混乱,无美感的镜头连接和长时间没有停顿激烈场面造成的视觉疲劳，当然，叙事不清是意料之中的，只是背后情节还是恶俗，真的受不了危难高压时候小女孩儿工作者在全球广播中哭是什么鬼，吴京和儿子的线仍然烂俗，还有为什么影片中一遇着啥事儿大家就冲动内讧??还真符合中国人的性格呢??更接受不了的是基本逻辑问题，当吴京收到联合国消息说这个计划成功几率为零的时候?人的第一反应不应该问为什么吗?得有真正不可实现的难点才能说成功率为零啊？主角哪儿来的盲目自信当作没听见一样??我看到的时候真的细思极恐，要是保卫我们的人真那么无脑......',)","('2019-02-07',)"
"('60',)","('拉妹',)","('给原著一点尊严得唔得',)","('2019-02-05',)"
"('10',)","('乌拉拉',)","('又被吴京大爷骗了钱，说好的特别演出呢？以为是个客串，为啥那么多戏？剧情太弱。',)","('2019-02-07',)"
"('25',)","('日圆草',)","('中国式烂片。缺少铺垫的情感轰炸，像是把没有涂番茄酱的薯条大把大把地塞到你嘴里，油腻、干涩、噎人。与世界一流电影的差距不在于有没有钱做特效，而在于导演粗糙的剪辑功底，编剧刻板的台词创作，演员机械的情感表达，和民众普遍缺失的审美水平。',)","('2019-02-08',)"
"('71',)","('帅气的康斯坦丁',)","('还是比较尬',)","('2019-02-05',)"
"('22',)","('西瓜糖',)","('开车去赤道？emm……okay.....乡村科幻片…有点看不下去了，居然还有一个钟…',)","('2019-02-05',)"
"('7',)","('Messi',)","('An overhyped Sci-Fi',)","('2019-02-06',)"
"('42',)","('包重贵',)","('战狼地球',)","('2019-02-06',)"
"('12',)","('Amstel',)","('看完的感受大概跟被骗进电影院看地球最后的夜晚的观众一样，这是个啥？大好的日子为什么不看春晚？我为什么要花50¥看太空战狼？这是科幻片？我在哪？等诸多疑问环绕在脑中，流浪地球，能给我个痛快吗？',)","('2019-02-07',)"
"('12',)","('Toddler',)","('看了。综合剧本、镜头、表演、特效，也就二星半的水平，按照我平时习惯，若有一个点特别傻逼减一星，粗略发现两个特别傻逼点，减二星，剩半星，我心软善良四舍五入给一星！而且，这么反刘慈欣的剧情，这么兄妹情深，爷孙互爱，宇宙不冷酷，木星一点就着，生存不艰难，地下住着还舞龙，连个文傻捣乱，蚁民恐慌胡闹都没有，为什么你们刘慈欣粉反而不喷？你们这些粉丝真的读过刘慈欣吗？',)","('2019-02-07',)"
"('38',)","('Muto',)","('以偏概全的《流浪地球》计划正是因为它的个人视角而无法为人类命运代言。刘慈欣的作品之所以难以拍成电影是因为他的科学主义（利己主义）价值观与（世俗）人文主义价值观相悖。可惜这部电影最终不是在两者间寻求一种平衡，而是简单粗暴的用后者代替前者。',)","('2019-02-06',)"
"('34',)","('T-1000',)","('听说这片不能打一星是吗？我就打了看看怎么样',)","('2019-02-07',)"
"('21',)","('季瑞',)","('虚高了平衡一下',)","('2019-02-08',)"
"('9',)","('∞∞∞∞∞',)","('侮辱科幻电影了。地球做错了什么你们这么折腾它，让人类毁灭不好吗？',)","('2019-02-05',)"
"('8',)","('Avril Lavigne',)","('尬死了，这是个屁的硬科幻，另一个愚公移山的故事罢了，有个评论说的好，这种愚公移山，精卫填海的故事只有中国人会想得出来，但是太脱离实际了也不行吧，真当万有引力是吃素的？',)","('2019-02-07',)"
"('7',)","('庸碌的猫',)","('科幻的壳子+上世纪集体主义的内核，唯一的优点就是它是一部中国电影了。',)","('2019-02-08',)"
"('10',)","('南郭',)","('差评',)","('2019-02-06',)"
"('6',)","('堊紀',)","('感觉里面的脂人的演技像是人工智能在模拟人类情感。。',)","('2019-02-05',)"
"('40',)","('菊千代的旗',)","('非常失望。一个颗星扣给角色和台词，人物形象刻板，塑造粗糙，台词造作，更别提女性塑造了。一颗星扣给缺席的中国叙事，不带民族主义眼光看，把拯救世界的英雄从美国人换成中国人没有任何意义，如果说刘工的小说里还提供了科幻作品中国叙事的可能性，那么也被这部电影坞里坞气的拍摄方式给湮灭了。 一颗星扣给演员，无论是我不喜欢的演员还是我挺喜欢的，都演得不咋样。',)","('2019-02-06',)"
"('36',)","('落拓枣',)","('难看 很尬',)","('2019-02-07',)"
"('24',)","('伪小玮826',)","('春节档评分最高的一部都如此难看。。',)","('2019-02-07',)"
"('0',)","('桃子',)","('霍，这样的片子都能评出8分来！镜头交代得特别不清楚，该提的节奏也没提起来（姜文说的对，我们的镜头数跟国外电影差得远）。其实3队人马的平行剪辑，或者加上地下城那群，可以讲得挺漂亮，怎么成现在这样儿了……就是抄好莱坞结构，也不至于啊！“7天假”啊，“春节第一天”啊，明显是投机这个档期。煽情点呢，死两个长辈，也指向春节档。女性角色就更不用说了……嗯，没错，少女哭哭啼啼救地球。看完电影，只记得李一一。（4DX）',)","('2019-02-08',)"
"('18',)","('非青',)","('不好意思，我是大刘原著的粉，这个一星必须打，后半段已经完全没有基本的科学逻辑了',)","('2019-02-08',)"
"('20',)","('SeungJoon',)","('网上看了枪版。没啥好说的…几百年后的科技，跟荒唐的设计审美…剧情逻辑完全不搭边，看了半小时睡着了',)","('2019-02-08',)"
"('58',)","('弥尔',)","('这是中国科幻片的开始，但并不是高水准',)","('2019-02-05',)"
"('48',)","('周慕云',)","('6/10，这应该是中国电影幕后工业的标杆证明，证明我们有独立完成科幻电影的工业基础。但这不是中国科幻电影的元年不是中国科幻电影的证明。电影可笑的价值观输出甚至都不敢光明正大输出还要寄托于一个科幻片的壳子里偷摸的传达，大刘小说文革段落嘲讽的那些人就是战狼的粉丝啊.........',)","('2019-02-05',)"
"('59',)","('汐凉丶',)","('不配',)","('2019-02-05',)"
"('10',)","('Susanna想长大',)","('这一盘散沙还能八分？为了拉低给一星',)","('2019-02-07',)"
"('24',)","('joker',)","('吹这么狠是比盗梦空间更好看吗',)","('2019-02-07',)"
"('21',)","('南璎珞',)","('最多给个及格分吧。有几点让我尴尬的： 1，朵朵广播时为什么说那么多废话，而不是直接说明点燃木星的计划？这样不是能更快得到救援吗？ 2，救援队们推启动器时，排队推人背的方式只会让力量抵消吧？我物理不好，但认为这种方式可能无效。 3，刘启去救朵朵，他后降落的速度凭什么能赶上朵朵的下降速度？伽利略的棺材板还能按上吗？ 4，服从是军人的义务。战狼作为一个军人，擅自更改政府的“火星计划”真的没关系吗？失败了地球和地球的备份就全部完蛋。而且就算拯救了人类，动物的基因库也陪葬了，人类就比动物高贵吗？ 5，人工智能系统用火就能烧掉？这个系统也太水了吧？ 6，“火种”看起来就很珍贵，然后被女救援队员一枪打烂了？你们就这么任性？ 7，火星爆炸时的冲击波，应该要炸掉半个地球表层吧？主角光环附体居然不死？',)","('2019-02-08',)"
"('27',)","('lele',)","('真是一个宏大的故事 宏大的乱七八糟 镜头也太乱了吧 吴孟达怎么死的那场戏真是看得一头雾水 另外为什么有吴京出现的电影 都感觉特别的尬 大概是战狼后遗症？',)","('2019-02-06',)"
"('3',)","('空自知',)","('认真打分，远景的视觉效果超预期，其它重工项目包括音效等等属行货水准，剪辑一塌糊涂完全无法彰显前两者的进步，基本上所有快节奏多机位的高潮戏，画面连最基本的清晰表意都无做到，全靠画外音提示。文本我不想喷了，美队和灭霸的小学生思辨水平之争也是两星差评，流量地球这完全让偏向个人主义观点者不是缺爱导致无脑就是血统不纯的“中澳合资”，一方都被写闭嘴了还有什么好聊的（就这还不算主旋律呢？），然后为了圆谎直接忽视人格逆转的过程（这也是毒液一类快餐最大的喷点），全方位看别的毛病还有不少，但也没什么特点值得记一下了（哎说得有点乱。。主要是这玩意不值得我费这么多时间到底是要给谁解释呢。。。',)","('2019-02-08',)"
"('50',)","('天空很蓝',)","('2星。套用流浪地球设定，设定宏大，画面精美； 节奏到后半程崩坏，最后三十分钟该感动的时候植入梗异常尴尬，有些地方又严肃地让人想笑。剧情梗概：地球即将毁灭，全人类都没方案；战狼儿子说了一句：“ 2h2+o2=2h2o”，吴京从空间站传来“im chinese”，地球得救，继续流浪。',)","('2019-02-05',)"
"('7',)","('养鸭大户',)","('台词糟糕，演技掉线，人设单薄，煽情过头，视角狭隘，逻辑硬伤，剪辑混乱，配乐过饱和到聒噪，悲悯没有，绝望没有，浪漫没有，只剩一个科幻外壳包裹下的张灯结彩式社会主义废土。',)","('2019-02-08',)"
"('15',)","('Eureka',)","('演技是看不见的，叙事乱到一半时间都不知道主角们在干什么，最不能忍受的缺点，是这部片子里人物的情感状态。明明都生死存亡了，但每时每刻，每时每刻，都在进行极其轻浮的调笑，和毫无基础的煽情，都不能好好说句话。把当代特有轻浮和虚假，移植到那种在死亡线上挣扎的时代，只会觉得尴尬到无法呼吸。真是为自己的进场而羞愧。',)","('2019-02-07',)"
"('18',)","('hui_GR',)","('我希望:中国的每部电影都涉及政治，直到政治不再干涉电影（2⭐给特效以及制作组的付出，但当真的政治观念真的很恶心）',)","('2019-02-07',)"
"('22',)","('黑麦',)","('换成一批演技略好的美国演员，就是一部标准的5.7分电影。',)","('2019-02-07',)"
"('53',)","('zaira',)","('特效看多了，也就那样。剧情还是烂的一匹',)","('2019-02-05',)"
"('24',)","('老黄鸡',)","('疑问，繁殖癌为啥不能灭绝，地球为啥不能解体，太阳为啥不能爆炸，要是可观测宇宙湮灭了又能咋滴，换成一年级的小学鸡一把鼻涕一把眼泪的通过电波号召所有有智生物咩',)","('2019-02-06',)"
"('32',)","('呼啦圈伞',)","('能意淫的再过一点吗',)","('2019-02-06',)"
"('37',)","('都掰',)","('不及格：科学设定、剧本、表演导演、价值观都不及格。及格不及格不及格。 如果没有那么多看了点映捧臭脚的五星四星，我或许还能给这部电影两颗星。现在我只会给它一星。因为恶心。',)","('2019-02-06',)"
"('28',)","('本名RMB',)","('战狼3吗我的天，科幻片这么点深度啊',)","('2019-02-07',)"
"('17',)","('一百个东京',)","('全片用宇宙战狼和末日公路片的方式呼唤每个在外(太空)工作的父亲注重和儿子的交流。 画面镜头配乐节奏都可以 很唬人 剧情…嗯 对吧。 我很久没有这么尴尬过了 像生了一场大病。',)","('2019-02-07',)"
"('3',)","('YQY-Vader',)","('热评第一说的挺对的，如果因为是国产第一部科幻就降低评价标准，那本身就是对国产科幻的不尊重。认同这一点之后再看本片，也就勉勉强强及格，和去年《红海行动》一样都是见大不见小，奇观堆积如山，细节方面处理得都非常粗糙，好几场戏都是搪塞过去的，比如爷爷死掉的那场戏，根本看不明白环境与各个人物的空间位置关系，诸如此类的情况全片比比皆是。另外有些地方特效也没有特别出色，尤其饱和度高一点的画面明显感觉特效还是国产魔幻质感，看看最后那颗木星，质感就像是从iPhoneXsMax的默认壁纸上扣下来的，简直是为最后“华为”撞“iPhone”这样的奇观做铺垫。看到最后片尾字幕都是维塔那几个外国公司，加上影片中时不时出现的一众外国经典科幻电影元素，还好意思说这是“国产科幻”？',)","('2019-02-05',)"
"('23',)","('窦峰',)","('后悔去电影院看，又一个靠宣传吹出来的电影，剪辑水平和绝世高手有的一拼',)","('2019-02-07',)"
"('4',)","('for Her。🐳',)","('受不了叛逆、任性的男主一转眼功夫就成救世主了。bug颇多，挺好的剧情被拍成流水账了。原以为是中国版的星穿，无奈拍成了太空战狼。发洪水灭了一半人口不算，救地球就把人类的火种抛弃了？',)","('2019-02-08',)"
"('28',)","('书台积雪',)","('看到wj这傻逼我就尬得一身鸡皮疙瘩',)","('2019-02-06',)"
"('16',)","('描述°|我想要个好姑娘。',)","('微博吹爆天的电影看的真是让人尴尬癌都犯了。先说好的地方，特效绝对是目前国产电影的顶级水平，故事根据刘慈欣的小说改编也足够有想象力。可惜的是，演员人设和台词在这个电影宇宙里都立不住。地球人口都少了一半了，剩下的这批所谓精英，还在自私又任性的想干嘛干嘛，说征用征用说解散解散说打爆火石就打爆，拍大腿就想个办法拯救地球了，婆婆妈妈的家庭剧台词就忽悠全球救援队支援了，以及联合国坚定的拒绝吴京的要求后，被2句台词就劝降同意了。更别提这几个主角的演技和家庭剧式的关系了。明明一个大格局的科幻设定，生生演成了小格局的家庭伦理剧。总而言之，演员，台词，剧本都配不上这个特效与宏大的故事设定，里面太多立不住的东西了。客观的评价才能让国产片进步，尬吹只会捧杀。',)","('2019-02-07',)"
"('31',)","('Jack Bauer',)","('国产电影能进步?',)","('2019-02-05',)"
"('2',)","('侘寂屋',)","('这 不是科幻，这两分仅仅是给一个还算稳健的结构框架，如果说科幻就是要想西方国家看齐的话 那 这次我们成功了，太他么成功了，浩大的场面渺小的人类 但 模仿了西方国家的科幻电影就是科幻吗？我们连对科幻电影认知的基础都没有怎么可能做科幻？美国60年代就有了《2001》，那他么才是科幻基石，在它之后的所有美国科幻电影都在向它看齐 学习，我们呢？我们底下什么都没有，借了特效 甚至借了北京方言 垒造出来了什么？中国科幻电影皮囊下的美国电影。另外，我不觉得投射出那么大的家国概念是什么好价值观，它应该是被外族人批判的，就像拉斯·冯·提尔讽刺美国精神一样。另另外，说句题外话，刘慈欣的作品应该是充满史诗感的神秘意味的，但这部是“赚钱的”科幻片，就不多说了还有，电影的真相，是要从被剪辑的、隐藏的影片素材中寻找的。',)","('2019-02-05',)"
"('21',)","('koldhsk',)","('故事概念满分 为原作者而看来 拍的太烂 人物都这么幼稚 还能拯救地球？精神力量拯救地球吧 不能在搞笑点吗',)","('2019-02-07',)"
"('31',)","('小时候可牛B了',)","('作为一部科幻片是不及格的，特效差，故事性更差',)","('2019-02-05',)"
"('5',)","('生滚鱼片配河蟹',)","('当好莱坞开始反思高速跑车太不环保准备换新清洁能源的时候，中国终于开始因为闻到了汽车尾气而欢欣鼓舞并自诩未来可期。',)","('2019-02-07',)"
"('4',)","('章鱼',)","('被冠名了各种新名词 我只能说 挺好 但没有那么好 对于现在的中国电影来说足够好 很客观地说 及格线正正好好 等看完小说来写一篇影评吧',)","('2019-02-07',)"
"('2',)","('慕筠',)","('看到了动作的标签，动作在哪？ 亲情，中国式亲情，那很棒棒哦。 抓着无意义特效烧钱，您开心就好啊。',)","('2019-02-08',)"
"('9',)","('轩辕枫霜',)","('新时代中国特色社会主义霸权科幻片',)","('2019-02-06',)"
"('34',)","('沐旭',)","('地球活了，我死了。 这个故事改成一个众志成城抗险救灾的故事也毫无违和，还要浪费这么好的设定。 人物太多没有一个刻画好了的。 2001太空漫游+星际穿越大杂烩，AI又杀人，人类又要带着受精卵去延续文明？ 地球要毁灭了，资源缺乏，所以全世界都变成中国计划经济时期的画风了。',)","('2019-02-05',)"
"('13',)","('橘公司1',)","('起点网文水平，没战狼好看。求吴大导演，不要再来接这种烂片了好吗？快拍战狼三',)","('2019-02-06',)"
"('11',)","('lan',)","('把地球上的正经事整明白吧',)","('2019-02-07',)"
"('8',)","('沉丶',)","('身为一名十二年的共青团员吓得我赶紧打了一星',)","('2019-02-07',)"
"('5',)","('布鲁斯SAMA',)","('全给特效，不知道是演技问题还是剧本问题，不仅内心毫无波动，甚至还一直想翻白眼……',)","('2019-02-07',)"
"('6',)","('幼鹿',)","('平心而论，看到中国拍出了这种场面的科幻片，还是挺开心的。但是，这三观实在无法认同，看的可以把人活活气死。炸了空间站里几十万颗受精卵，这全人类真正的希望，去做一个已经被科学家验证过成功率为零的尝试，这种不理智的行为居然还被烘托成了一个英雄。',)","('2019-02-07',)"
"('4',)","('桑德',)","('没法说',)","('2019-02-08',)"
"('10',)","('不想做神仙鱼',)","('制作真的有了模样，只是还很粗糙，尤其在剪辑上，混乱丢失了太多细节；内容则是一步一步把观感推向尴尬。第一步当然重要，但还有太远太远。',)","('2019-02-06',)"
"('6',)","('黄河入海牛',)","('到底谁是谁的谁？谁在哪儿谁又在干嘛？？真的请回答流浪地球！并且，流浪地球的全部存在可以总结成中国高考。',)","('2019-02-06',)"
"('14',)","('顺子HERT',)","('无聊',)","('2019-02-06',)"
"('27',)","('软觉影工房',)","('影响打分的因素很多。比如观影的时候恰巧后方有个熊孩子，左边有对不懂事情侣之类的。又或者是演员导演有缺陷，编剧脑回路清奇。科幻先不提，故事就头疼。多出一颗星还是给特效的。累。疲劳。人类为了经济利益，真是什么事都干得出来。三星以上一定是利益相关的，要不然就是小屁孩什么都不懂，要不然就是智障，我已经想不到其他的理由了。再想又要抑郁了。',)","('2019-02-06',)"
"('32',)","('皮皮🐯',)","('特效尴尬，可怕的是演技尴尬',)","('2019-02-05',)"
"('25',)","('小王子',)","('毫无波澜',)","('2019-02-05',)"
"('5',)","('尿你一脸林道长',)","('小说即是垃圾 电影也必然是垃圾 观看者心里有什么即可看到什么的时候 这种东西还是不要看为好',)","('2019-02-07',)"
"('7',)","('Daryl',)","('看得我尴尬的，生死存亡之际开始频频诗朗诵，急死人了，并且没有一个人物的形象和情感关联是塑造及格的，没有一个！一星给特效，勉强还行吧。',)","('2019-02-07',)"
"('2',)","('Stopper',)","('剧情弱得不忍直视，强行煽情罪上罪',)","('2019-02-06',)"
"('11',)","('彼岸回声',)","('我觉得，全球那么多计算机那么多科学家，脑子不如一个二流子户口好使，可能有点说不过去。好吧，上面这一段是没看完说的，我收回。后面提到科学家之前想到了，不过，吐槽点太多，简直了',)","('2019-02-06',)"
"('4',)","('拖拉斯基',)","('感觉被高分影评忽悠了。全片情绪亢奋，但又没有真正扣人心弦的环节。台词编的跟春晚主持词似的。看完就记住刚体洛希极限了……',)","('2019-02-08',)"
"('14',)","('左左岸',)","('特效追上了，剧情和表演没有追上，看着看着总是会跳戏。看不出来哪里值得8分。。',)","('2019-02-07',)"
"('19',)","('奥卫司',)","('这种科幻想象太幼稚，无聊',)","('2019-02-06',)"
"('3',)","('Sir Wilfrid',)","('为大刘感到悲哀，本来是一个人类共同体在宇宙观被迫改变的大背景下的人性故事，充满了悲悯的格调，主人公还政治不正确地娶了日本妻子，有了白人儿媳妇。叛乱那一段，才是大刘风格的对人性怀疑的暗黑范。 现在成了天朝英雄抗洪抢险先进事迹报告会的片子，当然，升级的抗洪抢险。 于正改编金庸只是娱乐，而这是愚弄。可笑的中产阶级们纷纷自愿跳入坑中喊爽。占戈狼资本家对市场心理的挖掘利用真是成功。',)","('2019-02-07',)"
"('5',)","('Hola~Grenade',)","('恶臭 情节没有逻辑不合理 真的无法说服 情节十分老套 还没一个类似的动画片好看',)","('2019-02-07',)"
"('5',)","('laochunllc',)","('除了视觉，别的都太尬了。那些表达都离得太远了，像是在背诵课文。然后，那旁白真的没有在快乐星球里出现过吗？',)","('2019-02-07',)"
"('7',)","('403notfound',)","('特效好，没的说，加班加点和砸钱的功劳，其他的都令人作呕，不合时宜的强行笑点穿插，看得极其尴尬！最后推撞针剧情，中间的人会被压扁的。片尾感动情节密集，但都显得很尴尬，最后扯出一个回家的主题。总的来说就是一个很好的特效却搭上了一堆low的不行的剧情。',)","('2019-02-08',)"
"('6',)","('别被找到',)","('所有人物的性格构造只喜欢李一一，其余人都在表达我最牛逼。电影过于想表达人生情怀，可忽略掉了故事合理与否，就算是虚构的情节，也得顺畅啊，还是有点太个人英雄主义了。此时此刻想说一句，漫威大法好...',)","('2019-02-07',)"
"('6',)","('约定',)","('对白，人物，剧情像屎一样，科幻片就是特效不错？',)","('2019-02-08',)"
"('7',)","('大橘子',)","('那些打五星而对打一星辱骂的都是傻逼',)","('2019-02-06',)"
"('12',)","('李良',)","('很一般。我不是原著粉，也没有「只要是国产的作品就要支持、就要放松标准」的心态，厌恶《战狼》但因为小时候看《太极宗师》时是我最快乐的时光所以一直对吴京有好感，所以大概还算客观…吧？',)","('2019-02-07',)"
"('7',)","('rozora',)","('这是第一部让我提前退场的电影。',)","('2019-02-08',)"
"('1',)","('yѧѳ⑉爻',)","('身边的人都哭着说好 说实话有点期待太高了 中国电影还在用后期配音不说嘴形能不能对上 我接受不了随意改变物理学和宇宙的命运 bug多到没法好好看 中二病程序猿拯救全人类？只有中国人聪明到勇于尝试氢气会爆炸？全球的救援队十分钟就赶到现场了？地球没有太阳地球资源还能用上上千年？空间站里的吴京仿佛飞科剃须刀飞亚达手表广告似的冷静与主角光环 天灾面前你们人类算什么 何况天灾大多都是人类造成的 您就别致敬太空漫游了【光陆w.豆洪莹',)","('2019-02-07',)"
"('12',)","('岂能无怪哉',)","('我错了 我以前觉得 电影特效好 就能看 没想到 真不能看',)","('2019-02-06',)"
"('11',)","('青谷',)","('电影还没看。 生气地打了一星。 因为看到很多友邻被粉圈蛆骚扰了。粉圈蛆们在努力稀释人类平均智商的同时，孜孜不倦地恶心正常人类。 老子要像你们这帮蛆屈服了就有鬼了。',)","('2019-02-07',)"
"('15',)","('Mrcolin月月鸟',)","('拍的什么玩意儿。。。',)","('2019-02-05',)"
"('17',)","('香蕉芭拉',)","('有点太过了',)","('2019-02-05',)"
"('19',)","('贺广广',)","('就这样明目张胆的抄袭库布里克合适吗？社会主义横扫宇宙，千秋万代一统江湖。换种方式的圈钱还真的是别出心裁👎👎',)","('2019-02-06',)"
"('10',)","('StatsDestiny',)","('一般，吹过了',)","('2019-02-06',)"
"('3',)","('阿凝超级棒',)","('我要尴尬死了！！这种用爱发电的鸡汤真的太恶心了 人物形象太片面 看睡着了好几次 到底谁觉得好看啊？？？',)","('2019-02-07',)"
"('5',)","('小雨滴',)","('强行煽情，最为致命，明明是科学家计算好的用木星的引力帮助拜托太阳的引力，加速向外太空流浪，结果这群人为了带资进组的战狼硬是侮辱了原来的设定，强行灾难，还强行壮烈地去炸了木星，真是够了，满脑子都只有个人英雄主义',)","('2019-02-06',)"
"('4',)","('Elder Ryan',)","('还没看，先一分压住。',)","('2019-02-07',)"
"('3',)","('夏一维',)","('特效和题材也许值得鼓励，但是故事性和逻辑硬伤也是真的。还有满屏的政治正确也无力吐槽。春节档也许还是一部烂俗的爆米花电影更合适，突然很期待唐探3',)","('2019-02-06',)"
"('5',)","('天腐之国🌈',)","('槽多无口',)","('2019-02-08',)"
"('3',)","('aqtony',)","('差到家了，可算看清国产片的真面目了',)","('2019-02-07',)"
"('5',)","('7_Stan',)","('勉勉强强，只能说爆米花电影。剧情太多说不过去的地方，我觉得不够高分。另外，科幻电影能不强行煽情吗？',)","('2019-02-06',)"
"('7',)","('Flipped',)","('这特么也叫科幻片？不能说是吃鲍鱼拉出的屎就不是屎！',)","('2019-02-07',)"
"('2',)","(': D',)","('还没看，但是我觉得这批粉丝是傻逼，给一星。',)","('2019-02-07',)"
"('3',)","('绒绒衣',)","('画面再努力也没用，依然简陋低级肤浅弱智，企图洗脑大众。但问题是又洗不来，还把人给洗烦了。真是灾难级的嚣张。',)","('2019-02-07',)"
"('4',)","('Gregorius',)","('这他妈还用说？！我很后悔我给《等风来》打了一星以至于都没有区分💩和更💩的空间了。',)","('2019-02-07',)"
"('5',)","('TheFinishLine',)","('可能是对科幻题材实在不感兴趣，影院全程打不起精神，观众反应也没感觉有多好，灯还没亮就都急着往外走了。科学详细分析的可靠性还不如一个灵机一动？不是无厘头搞笑黑色幽默，好好讲故事逻辑性又这么差。煽情我就不说了，吴京儿子要和他一起走估计他也不会回去了，也没感觉他是多想拯救地球，还把格局搞这么大，无聊。',)","('2019-02-07',)"
"('3',)","('不鸟万阿润',)","('不能因为是首部中国科幻就高分吧，烂，出乎预料的烂，逻辑性差的要死，对吴京生理上的反感。想吐！',)","('2019-02-08',)"
"('7',)","('来园的桃子',)","('本来一点儿兴趣的也没有 但是听说打差评的被挂B站被上门威胁 那我也打个差评吧 欢迎来上门威胁我',)","('2019-02-06',)"
"('4',)","('钗头金',)","('一个没对准盆儿就拉屎，没找好房就搬家的英雄故事。',)","('2019-02-06',)"
"('0',)","('paracelsus',)","('有中国特色的科幻片大概是一部科幻片能达到的最失败的境界；另外，基本没表现出大刘科幻作品的优点，缺点倒是暴露无遗。',)","('2019-02-08',)"
"('15',)","('默言',)","('恰恰是想象力太小 所以核心科技问题太多 如果想象力真大 核心真理永远就在那 其他也不会没有什么不合理 不好看没有代入感',)","('2019-02-05',)"
"('5',)","('奔',)","('真的不知道豆瓣八点几时怎么打出来的，混乱的剧情，生硬的演技，尴尬的台词',)","('2019-02-08',)"
"('8',)","('shiontheship',)","('不用担心，照这部电影来看，就算地球去流浪，过年你也会被催婚的。这部电影是在贬低中国人吗？面对着存亡之秋，还揣着和屁兜儿大小差不多的格局，价值观土到令人窒息。如果按营销说的中国电影站起来了，那么中国电影身高不到一米二。如果说是中国科幻元年，那么这个2019年的起步，即使9102年时也不会成为经典。',)","('2019-02-06',)"
"('4',)","('芒果不吃芒果',)","('傻逼！！！！！',)","('2019-02-06',)"
"('5',)","('菠萝多少钱一个',)","('这就是中国的硬核“科幻”？这不就是杂糅了经典科幻作品的灾难片嘛',)","('2019-02-05',)"
"('2',)","('ziyoucanlan🌟',)","('魔幻的特效+玄幻的人物= zhongguo特色社hui主yi科幻神作？？？洗洗睡吧……',)","('2019-02-07',)"
"('4',)","('100lux',)","('5.0 特意看了原著，结果发现电影内容只是套用框架，强行煽情加上感情升华看得我只能默笑。《星际穿越》、《2001太空漫游》等的借鉴，吴京上太空继续弘扬主旋律，视野也未超脱人本身。对于国产科幻是好兆头，但对于电影我无法给好评。',)","('2019-02-06',)"
"('7',)","('越过谎言拥抱你',)","('营销的骗局',)","('2019-02-08',)"
"('5',)","('Nafeithe',)","('有趣，围观下战🐶呀',)","('2019-02-06',)"
